dominant_colors,frame
['#a8aaa8' '#989997' '#8f9190' '#b6b9b8' '#868988'],489
['#949294' '#07090b' '#0f0a06' '#271912' '#4b3d37'],1269
['#311f18' '#afafaf' '#5e4f4c' '#0a0a0a' '#20130d'],1677
['#342420' '#514642' '#787471' '#aeb1ac' '#130e0d'],1851
['#706e72' '#0f090a' '#9ba1a2' '#524347' '#341e1d'],1967
['#463f42' '#0e0e0e' '#aeada2' '#262226' '#726c6c'],2134
['#585452' '#8c989d' '#27150d' '#100c08' '#402c1f'],2308
['#b1aeb2' '#695a55' '#473930' '#160f0a' '#2d2019'],2446
['#9a999d' '#676468' '#473a3c' '#3a1e18' '#190b09'],2561
['#0d0d0d' '#261c1a' '#63595d' '#9595a2' '#403230'],2678
['#493e3f' '#100d0c' '#2e211e' '#b6adab' '#746a6b'],2790
['#160d0b' '#524444' '#3a2118' '#756d76' '#a2a0a6'],2869
['#000202' '#c0c2c6' '#0040c2' '#0040c2' '#0040c2'],3499
['#5b524e' '#08080f' '#2a201b' '#030303' '#0a0c09'],4335
['#12191d' '#6f6560' '#040807' '#333236' '#d5dbe0'],5015
['#65494f' '#0a0f10' '#2f323e' '#a76b6b' '#d18787'],5512
['#18181b' '#5d6879' '#080908' '#443942' '#29242b'],5605
['#b2a7a2' '#444657' '#8f7f7a' '#090b0f' '#a0928a'],5680
['#514547' '#2e3032' '#bfbfbf' '#0b0b0b' '#969090'],5764
['#060a08' '#080c11' '#0a0e08' '#a79d9d' '#322d27'],5875
['#20202a' '#080908' '#1d1010' '#544139' '#3d1e15'],6052
['#7d7672' '#382f28' '#0a0a05' '#06070a' '#030303'],6238
['#ad9c9b' '#272a2e' '#020409' '#726a6a' '#070d10'],6612
['#07090b' '#2f2620' '#040a06' '#5c4d3e' '#151410'],7009
['#060b0c' '#202122' '#5d5c5b' '#c4dde4' '#3b393b'],7158
['#4c3e32' '#28221c' '#060a08' '#8b7258' '#14130f'],7236
['#212224' '#c4dde4' '#3c3c3c' '#070b0a' '#5c5e5c'],7334
['#060b0c' '#a39089' '#26292a' '#141818' '#5a5554'],7528
['#625758' '#1c1e22' '#3d393f' '#978a80' '#070b0a'],7681
['#574c54' '#030406' '#7f7070' '#26252f' '#aa9a94'],7719
['#a99794' '#1b2336' '#03060a' '#635761' '#e7ded8'],7763
['#060a08' '#4a3e38' '#332a24' '#1f1a16' '#9fa3a4'],7869
['#4e4844' '#666b6a' '#2b292a' '#070b0a' '#c5e1e7'],8025
['#49413e' '#8f878d' '#262722' '#0a0b0d' '#131512'],8137
['#483d34' '#9eabae' '#060a06' '#332a20' '#1e1b14'],8245
['#070b0a' '#2a2829' '#666b6a' '#c5e3ea' '#4d4846'],8456
['#1f3238' '#6d7c82' '#445659' '#9dabaf' '#020608'],8645
['#847973' '#4f4b4c' '#292b2d' '#090d0f' '#b39f99'],8802
['#9a9c9c' '#cacecb' '#656164' '#090a0c' '#3a3739'],8997
['#6e645f' '#a49897' '#0d0d0d' '#4b4543' '#322e2d'],9120
['#1b1d24' '#3b3846' '#090b0f' '#605864' '#948c8a'],9250
['#0a0b0d' '#6f4237' '#161917' '#0f100e' '#262321'],9367
['#494745' '#7a7270' '#2e2726' '#615e5b' '#0a0b0d'],9402
['#26201d' '#07090b' '#171714' '#6c5253' '#10120f'],9437
['#05070c' '#070b0a' '#4b3e39' '#887470' '#211d18'],9560
['#111310' '#07090b' '#24211d' '#775a5b' '#161814'],9694
['#191916' '#c2b1b5' '#090a0c' '#715754' '#372e28'],9807
['#e8e1e5' '#5b4a52' '#8f8289' '#1e1d1d' '#a2959c'],10035
['#958d97' '#403835' '#bfbabc' '#6d5b5b' '#0a0d0d'],10245
['#0e1013' '#9e98a1' '#dadce0' '#4e393b' '#786c75'],10380
['#5a4440' '#b3afb2' '#eeeeee' '#8b8084' '#191f21'],10514
['#3e3735' '#978e9b' '#6e5c5f' '#0a0d0d' '#d3d2d6'],10607
['#0a0a0a' '#1d1411' '#605754' '#43352e' '#2c1e1b'],10773
['#9b9ba8' '#e1e3e7' '#736c77' '#4b3b3f' '#1b1a1c'],11254
['#462f29' '#2f1e1a' '#0f0c0d' '#5c4d51' '#806b71'],11920
['#3f2c28' '#23140e' '#0d0d0a' '#5c5258' '#9d8285'],12343
['#38231a' '#9a766f' '#5f4333' '#160e0e' '#eae5e6'],12502
['#0d0d0d' '#21120d' '#7e717b' '#584545' '#392520'],13219
['#382822' '#696f6c' '#120e0d' '#c0bec1' '#504744'],14539
['#311d17' '#b8a19f' '#170c0d' '#786361' '#4f372b'],15690
['#8e6051' '#cba8b3' '#161110' '#36251e' '#574032'],16278
['#4d3b32' '#c2a5a1' '#171010' '#372018' '#736160'],16438
['#32231d' '#997d7d' '#4f3b2f' '#130f0e' '#815134'],16632
['#2e2624' '#6f574d' '#1d1411' '#a37d79' '#4e3a2c'],16819
['#100f16' '#885239' '#a98e93' '#3d2922' '#4f4454'],16956
['#2f211c' '#a38a93' '#101113' '#6f574e' '#4e392e'],17227
['#524a5c' '#8a5339' '#ad9497' '#0f1015' '#3d2b24'],17453
['#ae8787' '#765e58' '#131011' '#39241c' '#564035'],17567
['#6f615e' '#d8d3ce' '#a69a99' '#0d1012' '#363432'],17765
['#786663' '#3e2d29' '#9e9394' '#c1bab8' '#f4f4f4'],17930
['#111111' '#d7d6ca' '#a8a59a' '#76645e' '#403230'],18338
['#8e8283' '#afaaac' '#6d5756' '#352723' '#ebeeed'],18790
['#0e1213' '#cac7c2' '#695956' '#9c9190' '#333130'],18950
['#3c2218' '#5c4232' '#826656' '#dccec1' '#100c0a'],19378
['#c2b89b' '#78584a' '#9e9687' '#d9cea8' '#523026'],19812
['#675c55' '#b9bdc0' '#8b8b8b' '#1c1815' '#4c382e'],20181
['#b2a68e' '#dad0ae' '#cabfa2' '#55372b' '#7c5f52'],20530
['#1d1917' '#bcbdc5' '#8f8a92' '#745e59' '#543d37'],20713
['#cdc4a5' '#beb59a' '#3d2820' '#6e5046' '#958a7c'],20926
['#191a1d' '#4d4342' '#a6a09f' '#716768' '#f0f0f0'],21098
['#aba1a2' '#5e2c24' '#eeeae9' '#19171a' '#706063'],21271
['#222d24' '#988482' '#f1eddf' '#beb6b2' '#745251'],21393
['#282129' '#675655' '#8c7e7e' '#b3afac' '#f5f5f5'],21484
['#958280' '#beb5ad' '#1f2b1f' '#6e4e4b' '#f1eedc'],21584
['#b1b0ac' '#f3f5f5' '#8b807f' '#655657' '#27212a'],21681
['#948283' '#734c48' '#f0ebe2' '#222920' '#beb4b3'],21763
['#2b2328' '#655854' '#8c807d' '#f4f5f3' '#b3b0a9'],21827
['#241f22' '#d0cfcd' '#999094' '#786867' '#594443'],21904
['#8a7e7b' '#f4f5f3' '#282127' '#b1ada6' '#635654'],22016
['#b6b9b8' '#1c1d23' '#674d48' '#827a78' '#f4f7f6'],22125
['#222332' '#a2a2a6' '#76564e' '#0a0d14' '#956c5d'],22197
['#897f85' '#b6b2b5' '#1a1b2d' '#e0e1dd' '#524a56'],22280
['#171717' '#d5dbe0' '#4c3d3b' '#a19fa9' '#7b686b'],22543
['#795048' '#341f1d' '#bfa893' '#997c65' '#cebda3'],22808
['#d8dade' '#191717' '#7a6769' '#4d3c3a' '#a49ea7'],22893
['#c6b8a0' '#2b1e1d' '#cbbfa4' '#b7a091' '#7f5850'],23025
['#a09fa7' '#d9dbdf' '#4e3d3b' '#151719' '#78686a'],23197
['#784b41' '#917674' '#c6c0c6' '#553029' '#baa48b'],23321
['#d6d9de' '#a4a3ad' '#191919' '#54423d' '#786a6e'],23409
['#bdb0a0' '#a6857d' '#c7baa6' '#855752' '#493937'],23506
['#181517' '#745f61' '#99929f' '#d0dde8' '#503c3c'],23767
['#33221e' '#cdbca2' '#99786b' '#6e4d42' '#c0b099'],24027
['#b39b7c' '#b8b4b7' '#958172' '#735a51' '#382c2a'],24176
['#d0d6e1' '#73686e' '#14161d' '#493c3e' '#9ca0b0'],24534
['#48211a' '#beab8d' '#dad5d0' '#987a6a' '#78493e'],24885
['#1a1a1d' '#d8e1e1' '#786561' '#a3a4a6' '#533f39'],25477
['#d5c39a' '#52342b' '#b9a885' '#1d181b' '#79594a'],26036
['#a49b9d' '#766262' '#f6f6f6' '#0f1114' '#463a38'],26143
['#4d3f3e' '#141315' '#f1f1f1' '#ada3a5' '#7a6c6e'],26228
['#705f5e' '#9e9799' '#423634' '#f4f4f4' '#0d0f13'],26339
['#726365' '#121013' '#473b3b' '#9f9396' '#edf0ef'],26447
['#090b0f' '#bfc3c4' '#564642' '#2d2729' '#7c6e70'],26743
['#423737' '#eeeff1' '#121013' '#978b8e' '#6c5e60'],27029
['#2d2729' '#827373' '#584844' '#d1d4d3' '#090b0f'],27171
['#413837' '#918689' '#101113' '#eaecec' '#6a5c5e'],27334
['#f6f4f7' '#6a5856' '#9c9295' '#0a0d10' '#362e30'],27430
['#493d3d' '#726568' '#eeeeee' '#141315' '#9d9194'],27547
['#e9f3ee' '#7a6969' '#49403f' '#a39996' '#141516'],27679
['#a49597' '#f2f0ec' '#514443' '#7c6c6e' '#141315'],27839
['#eef1f0' '#a89995' '#171717' '#6e6161' '#4f3b39'],27966
['#0f1012' '#3f3736' '#938585' '#675b5a' '#f3f0ee'],28032
['#b1adae' '#242227' '#8c8284' '#62575a' '#f2eeed'],28227
['#786b6a' '#ebebeb' '#49413e' '#111214' '#a79c9a'],28441
['#beb8b8' '#22282a' '#f8f5f6' '#948a8d' '#675c5e'],28648
['#21222b' '#b4abb0' '#8c7d7f' '#ede9e8' '#5e4c49'],28879
['#b7aeac' '#1a181e' '#ebe5e4' '#583933' '#857574'],29296
['#ece5e2' '#6c5954' '#9c8f8e' '#1b2121' '#b2a3a1'],29664
['#847b7d' '#a9a3a2' '#62575a' '#e9e5e8' '#302220'],29722
['#e7e0de' '#776863' '#534440' '#142020' '#a69a99'],29839
['#1d1c1f' '#edecea' '#66514e' '#b4b0b3' '#8e8386'],29986
['#5b4a4a' '#171818' '#877679' '#dfe4e3' '#ada5a5'],30111
['#553936' '#eae8e8' '#847676' '#b4afae' '#181a24'],30209
['#6b5957' '#91817f' '#edebee' '#bbb1ae' '#231d22'],30285
['#afaaac' '#ededed' '#999294' '#1b2122' '#70605d'],30362
['#5e4b46' '#8b7a75' '#242026' '#ede9e2' '#b2aaaa'],30482
['#afa6aa' '#817170' '#251c1a' '#5c3e38' '#f7f7f7'],30580
['#221e1f' '#b0a6a9' '#847473' '#eeecef' '#5a443d'],30667
['#50342c' '#b0a7b1' '#8e7c81' '#efedf4' '#7a5956'],30800
['#ece9ed' '#594749' '#aa9fa6' '#201c1b' '#7c6e75'],30897
['#6a5757' '#887a7a' '#b4aba9' '#2f221f' '#f5f5f5'],31151
['#1a171c' '#dbdedd' '#827075' '#543b40' '#ada3a5'],31427
['#f7f8fa' '#493430' '#705e5d' '#aca7ac' '#807171'],31512
['#b7afb1' '#8a7d82' '#1e1921' '#e2e5e4' '#644b4d'],31560
['#6a5a5d' '#7d7172' '#f7f8fa' '#45302e' '#abaab2'],31600
['#e3e6e5' '#857980' '#674b4c' '#201a21' '#b3aeaf'],31662
['#7c7071' '#46302e' '#aba9af' '#f5f9fa' '#6a5a5d'],31734
['#61484a' '#83767f' '#d6d1d2' '#a89ca4' '#1d1a20'],31779
['#7d6d6f' '#ece9ea' '#5e3d38' '#19181a' '#b0a3a6'],31993
['#6f5e5f' '#f6f7f9' '#a9a5ac' '#4c3533' '#7f7070'],32248
['#847884' '#201b25' '#654a4d' '#aba0aa' '#d4cdd1'],32492
['#f4f8f9' '#7c6f6e' '#a7a5ad' '#483231' '#6b5a5b'],32711
['#523c42' '#856f71' '#b7acb1' '#131217' '#e5e1e0'],32785
['#eaeaea' '#b0abad' '#57474d' '#1f242f' '#807677'],32902
['#857172' '#dedcdc' '#131217' '#553d42' '#b1abaf'],32998
['#6a5c5c' '#49322f' '#7d706f' '#f5f9fa' '#a8a5aa'],33109
['#17171a' '#796b6d' '#b1a6a5' '#ecebe7' '#5d3632'],33264
['#aaa0a2' '#76686c' '#e9e7e7' '#4e3e42' '#191b2b'],33354
['#14141b' '#dad6d5' '#766566' '#4a393c' '#a69897'],33425
['#756a6d' '#1a1d2b' '#e9e7e7' '#a8a0a2' '#4e3e44'],33555
['#201c19' '#5b4e45' '#847a7b' '#e1d3b6' '#a8acc7'],33690
['#2b2f1e' '#a7a9d2' '#465149' '#18110a' '#7d798e'],33785
['#85869e' '#d3d8e5' '#3b3a28' '#15170f' '#695d5f'],33885
['#444336' '#eae7e5' '#777274' '#aaafc2' '#191b13'],34090
['#a6add5' '#7e7a8c' '#141109' '#2a301f' '#455148'],34312
['#83889d' '#3b3a28' '#15170f' '#d3d8e5' '#675f60'],34465
['#171207' '#a9accc' '#4b5043' '#2c311e' '#877a84'],34610
['#d5d9e4' '#413f2d' '#6e6565' '#898a9f' '#1a1912'],34722
['#867982' '#16120a' '#2c311e' '#ababc9' '#485145'],34824
['#6a5f5c' '#d4d8e3' '#87889c' '#19170f' '#3b3a28'],34950
['#a9acc9' '#475145' '#16120a' '#857982' '#29301e'],35097
['#d4d8e3' '#413e2c' '#191810' '#6c6363' '#88899e'],35230
['#16120a' '#7f7780' '#2b301e' '#475145' '#a7aac7'],35338
['#18180f' '#3b3b29' '#868699' '#d4d8e3' '#6b605d'],35435
['#2c311e' '#16120a' '#7f7780' '#475247' '#a8abc8'],35636
['#827677' '#1c191c' '#623c37' '#b2aeb1' '#eceaed'],36710
['#888182' '#f0ede7' '#b4afaa' '#222130' '#635756'],38156
['#0b1012' '#cec7c9' '#8d818a' '#1d2b29' '#5e4d4d'],38790
['#8c8081' '#685756' '#231a1d' '#b3a7a4' '#f6f5f3'],38950
['#0d0f16' '#54494d' '#857982' '#1b2b2c' '#d3c7c6'],39059
['#ada5a5' '#211a1d' '#645556' '#f4f4f4' '#887d81'],39181
['#cabfc6' '#1d292a' '#0b0e13' '#86777c' '#4e444c'],39386
['#1e1d2f' '#887d7c' '#f2eee6' '#b3aaa4' '#5f5353'],39895
['#f6f3f4' '#b5aaab' '#6b5755' '#908183' '#231a1e'],40293
['#162421' '#3a353d' '#6d5c62' '#080c11' '#a99fa1'],40402
['#b4adaf' '#675754' '#1f1a1d' '#f5f5f5' '#8b8182'],40515
['#162523' '#6f5e62' '#a99fa8' '#3f373e' '#0a0d12'],40617
['#b9b4b5' '#918788' '#685b5b' '#f5f5f5' '#231d24'],40806
['#aea6ac' '#433a3f' '#162624' '#786567' '#0a0d12'],41036
['#654442' '#b4b0af' '#201927' '#f0f0f0' '#807979'],41277
['#867a77' '#b8b6b6' '#5e5153' '#202321' '#f3f2f1'],41499
['#9cb2ce' '#c6beb2' '#ab9f96' '#80706a' '#40362f'],41726
['#23140c' '#050608' '#2b2319' '#9c898c' '#5b4b45'],41957
['#40362e' '#221b19' '#69625e' '#c5b6a2' '#0c0d0f'],42117
['#2b1d12' '#ada8aa' '#5d5451' '#7b7276' '#4b3d34'],42261
['#130c10' '#372625' '#e5e6e1' '#878080' '#604e4a'],42492
['#d6dadb' '#190b0b' '#aeb1b6' '#817e88' '#4a2e33'],42683
['#52413f' '#d3c7b8' '#372925' '#7a635b' '#1b1210'],43292
['#4c5161' '#bcd4ef' '#2b2c2e' '#1e1d1d' '#171413'],43905
['#bfaab7' '#141513' '#23231f' '#5a5059' '#3e3432'],44137
['#7f6a70' '#a99da5' '#1b1722' '#e4dde7' '#594043'],44619
['#0f141a' '#a7a0a4' '#fafbfc' '#5e5252' '#766967'],45384
['#b7aebc' '#614b49' '#241f28' '#8e7d82' '#ece7ee'],45915
['#8b8084' '#bbb6b7' '#18191d' '#f1f0ee' '#614f50'],46010
['#c1b9b9' '#060a10' '#52444b' '#847577' '#1f232d'],46136
['#efeeec' '#887d81' '#b9b5b8' '#5f4e51' '#1b1a20'],46299
['#634d4a' '#241f2a' '#8b7d81' '#b4adbb' '#ebe6ed'],46437
['#bdb6b4' '#4e464d' '#837476' '#080c11' '#21222b'],46515
['#17161a' '#b8afb1' '#f0eceb' '#5a4646' '#84767a'],46562
['#080c11' '#4f444a' '#222229' '#807171' '#c3b8b3'],46652
['#f4f4f4' '#17161f' '#84797b' '#bbb2b1' '#56474b'],47017
['#88777c' '#0a0d10' '#c1babc' '#514952' '#25252c'],47338
['#614d51' '#1d1b22' '#b6afb6' '#877b84' '#f0ecef'],47379
['#efe9ef' '#5f4843' '#b2a7b2' '#221e24' '#897675'],47422
['#090b0f' '#4c4751' '#857678' '#24242b' '#bdb9be'],47472
['#211b24' '#867674' '#eae7ee' '#5b4640' '#afa8b2'],47531
['#4b4650' '#090b0f' '#837579' '#bdb9bc' '#23232b'],47613
['#83787a' '#684642' '#f5f6f8' '#b7b1b7' '#191827'],47891
['#666666' '#b2bac8' '#2e2523' '#474545' '#131011'],48823
['#c0baba' '#65170e' '#9e9998' '#6b6662' '#470f07'],49587
['#22140c' '#7a674f' '#4e3d2c' '#372214' '#0c0a05'],50085
['#9b9b9b' '#58534f' '#909090' '#acacac' '#81807f'],50642
['#edefec' '#706661' '#9c9490' '#171611' '#403936'],50836
['#090906' '#020703' '#040200' '#21150e' '#442921'],51161
['#060a08' '#4d6972' '#9fb3b2' '#1c2425' '#384040'],51974
['#383035' '#cfc4d5' '#655562' '#080908' '#121920'],52650
['#191210' '#080908' '#7f6a5c' '#2b1d1d' '#3c2a29'],53024
['#171b22' '#afb8c4' '#50525d' '#2c2e36' '#0a0d12'],53454
['#232a35' '#424955' '#090a0c' '#d4d5d4' '#11181f'],53731
['#11100e' '#0f0f13' '#090c0b' '#080a0e' '#1a191b'],53891
['#07090b' '#141a20' '#d5d3e0' '#2b3139' '#51525c'],54032
['#eff5f5' '#22222b' '#0a0f12' '#3d3d49' '#636d75'],54139
['#3a3e46' '#5f666d' '#1d2025' '#0f1114' '#080908'],54323
['#e1f1f7' '#4a5867' '#1a2931' '#0a0f10' '#392322'],54594
['#3a4045' '#eaeaea' '#202831' '#06070a' '#0f1518'],54824
['#4e5966' '#17262c' '#0d0e10' '#39201e' '#e5f1f7'],55078
['#252e37' '#3d4248' '#151d24' '#07090b' '#e7e7e7'],55351
['#0d0e10' '#18252a' '#e6f2f8' '#3b2221' '#505b68'],55624
['#07090b' '#151c23' '#1b2834' '#2e343e' '#565b62'],55807
['#e9f5f8' '#1d2124' '#5f6d7c' '#0c0d0f' '#393339'],55941
['#0f1417' '#e5e5e9' '#393f47' '#1d2733' '#050608'],56058
['#26282c' '#181718' '#5b6674' '#e8f3f7' '#090a0c'],56331
['#050608' '#1d2733' '#e4e6ea' '#373e48' '#0f1518'],56827
['#56616f' '#3b2423' '#e6f2f8' '#19262c' '#0c0d0f'],57353
['#0d1216' '#ecf0f1' '#343b43' '#192631' '#050608'],57799
['#191719' '#090a0c' '#262a2f' '#566573' '#e6f2f8'],58172
['#e9eaeb' '#050608' '#1b2936' '#0e161a' '#38414a'],58385
['#18272d' '#3b2424' '#566471' '#e6f2f8' '#0c0d0f'],58435
['#101b23' '#030406' '#444d56' '#1e2d39' '#0a1014'],58579
['#556472' '#0c0d0f' '#1a292e' '#3b2424' '#e5f1f7'],58744
['#172330' '#2d3745' '#030406' '#0a1014' '#565f6d'],58849
['#4d424d' '#251f28' '#99919c' '#a7a5b1' '#736b78'],58951
['#4d424d' '#251f28' '#756c77' '#9b939f' '#a8a6b2'],59014
['#483f3b' '#1a1717' '#a2a0a0' '#7f7570' '#dddcda'],59075
['#eeeff1' '#5b5654' '#7c7978' '#a2a3a5' '#1b2120'],59424
['#a5a3a3' '#7c7376' '#191718' '#564746' '#e6e7e9'],59829
['#131612' '#515249' '#787f72' '#2f332b' '#e0d3d0'],60311
['#b4b8b5' '#6a605c' '#2d221e' '#0d0a0a' '#473d37'],61098
['#f2dc9e' '#0a0a0a' '#5a3819' '#3d2512' '#221910'],61565
['#120d0e' '#514744' '#797074' '#a5a3aa' '#292926'],61667
['#b1b1ad' '#140f0a' '#3c3127' '#86837e' '#65584f'],63078
['#beaab9' '#887e8a' '#52474a' '#2c262b' '#696168'],64504
['#7e6b61' '#58453d' '#9f918f' '#2f211a' '#cfc5c8'],64682
['#38302e' '#c7afbb' '#887e84' '#62575a' '#1a1614'],64856
['#513e34' '#77645b' '#2b1a14' '#9c9190' '#d0c3c6'],64974
['#382d2d' '#1f161b' '#95a0a0' '#040a13' '#7a4f45'],65116
['#f6eee9' '#cdcacb' '#1d1514' '#605454' '#2f2524'],65226
['#898c91' '#a2abb1' '#574038' '#1e1516' '#826459'],65341
['#554240' '#bebcbe' '#281c1d' '#f9ede8' '#e4d7d6'],65465
['#5f514e' '#38302a' '#83767b' '#b8a5aa' '#1e191a'],65527
['#553e37' '#83645b' '#898d9a' '#241719' '#a8b2ba'],65625
['#62504e' '#e5dbda' '#f9f0ea' '#271d1d' '#c0c1c3'],65734
['#85665c' '#8d909b' '#251719' '#a9b3bb' '#58413a'],65801
['#85757a' '#271d1f' '#b29ea7' '#695c5f' '#4e3f3d'],65880
['#110c13' '#949397' '#80635a' '#a6b1bb' '#4d3630'],65959
['#ccc9ca' '#f6ece5' '#32251e' '#67605b' '#1e140f'],66072
['#1a1217' '#927064' '#b4bcc0' '#62453c' '#969da3'],66168
['#161317' '#7d7985' '#bba8bb' '#373132' '#5a565e'],66246
['#9f8e8b' '#b4aaa6' '#473a37' '#e0d5cf' '#766259'],66406
['#353434' '#1b1819' '#7f7f88' '#565456' '#bdafca'],66539
['#f7f6f0' '#2a1d1f' '#68544e' '#403939' '#9d8282'],66594
['#bcb0bf' '#5a5452' '#393737' '#867a81' '#171416'],66660
['#6a5752' '#f6f6f2' '#3e3a3b' '#231a1e' '#9e8784'],66742
['#b9ab93' '#1e0d09' '#442b26' '#c9bba3' '#6b524b'],66807
['#221412' '#494447' '#8b929a' '#5d6067' '#777d83'],67020
['#b9bbbe' '#a0a0a4' '#46444d' '#afb1b4' '#7b7b84'],67255
['#11140f' '#615a4f' '#9f9b9e' '#c5c5c5' '#323228'],67477
['#383434' '#625f63' '#b4b8be' '#7d7f88' '#9f9e9c'],67674
['#382c29' '#e0dce5' '#0f0a0d' '#97878d' '#6d524f'],67779
['#37261e' '#574b4a' '#c2b4c0' '#89787d' '#100a0b'],67922
['#513e3b' '#b29ea3' '#2d2221' '#78625d' '#0e0d12'],68154
['#8d8285' '#3f3840' '#745e5d' '#29242a' '#ac9da7'],68426
['#a39ea9' '#30221d' '#0e0f10' '#463a32' '#736b69'],68604
['#9e9da9' '#2b211e' '#443a39' '#67606a' '#101113'],68694
['#574b49' '#c0bdc8' '#817880' '#0b0e13' '#2e2828'],68827
['#8e7b7e' '#714e40' '#a19197' '#b4a3a9' '#433637'],68983
['#b3a7aa' '#2a2123' '#f7f8fa' '#877477' '#694d4b'],73381
['#ccd2dc' '#a5a6a8' '#6e6876' '#19161b' '#413a45'],77819
['#a1a2a7' '#b0b2b9' '#604954' '#78757d' '#8f8e95'],77966
['#655557' '#b5b0ab' '#80797a' '#3f3739' '#0d1216'],78150
['#2a221e' '#b0aaaa' '#878585' '#796f70' '#5d443e'],78300
['#42322b' '#e0ebe8' '#959797' '#b8c0b8' '#6f5f5a'],78366
['#151412' '#7f7175' '#645556' '#383430' '#98939a'],78477
['#939391' '#686465' '#221e1f' '#d3d4d0' '#483f3e'],78590
['#b8beb9' '#6e6060' '#3a2e2b' '#e1e9e7' '#979899'],78653
['#342e2b' '#131212' '#554a4b' '#746468' '#91878d'],78729
['#8a8a90' '#b7b3b6' '#5d4944' '#7b7276' '#2e2622'],78797
['#1d1a17' '#453632' '#a19896' '#705b5a' '#ded8d3'],78836
['#bcbcb6' '#8a8280' '#443836' '#19181a' '#625c5d'],78874
['#716260' '#bbc0b9' '#9a9a9a' '#e3eae6' '#3b2e29'],78934
['#5f5353' '#141315' '#9a8a96' '#34342f' '#7a6d72'],79011
['#634943' '#8f8d8d' '#827574' '#b4b0b3' '#352725'],79067
['#c8c8ce' '#0d1214' '#3d3938' '#837e83' '#655759'],79437
['#5f4843' '#372b27' '#7f7473' '#b6b6ba' '#939495'],79841
['#322a26' '#969798' '#6b5c5a' '#bdc7be' '#e5eaef'],79931
['#39302b' '#807578' '#5c4843' '#161616' '#bfbfc5'],80035
['#584641' '#161415' '#736765' '#3b302b' '#aaa1a0'],80128
['#7f7878' '#7b6767' '#b4b5b7' '#543b35' '#8d8d8d'],80182
['#c5c5c9' '#948988' '#3c332d' '#66534d' '#161614'],80280
['#6d6569' '#c1c9c9' '#353029' '#9c9faa' '#e5eaef'],80372
['#141414' '#60544f' '#b6b4bb' '#7c7a7a' '#3b372e'],80422
['#d2d3db' '#6c6464' '#443934' '#191a18' '#9e9b9f'],80471
['#817675' '#5c4c48' '#37312c' '#131515' '#bebdc1'],80543
['#5e5451' '#b5b4be' '#7c797e' '#141414' '#3a3730'],80646
['#979da1' '#e3ebef' '#3a2a27' '#bdc9c4' '#6f6262'],80734
['#332926' '#a7aaab' '#877979' '#604840' '#8f8c8b'],80790
['#a19ea6' '#6b5d5d' '#877c7f' '#181417' '#3b3733'],80856
['#352c2a' '#969696' '#bebfc1' '#897e7d' '#674d47'],80917
['#1e1b1c' '#c3c1c8' '#979194' '#716969' '#4e413c'],81017
['#8d8684' '#867674' '#513f3a' '#9b9b9b' '#bebebe'],81114
['#d5d9e4' '#9f9da3' '#776c6f' '#2c2725' '#554745'],81168
['#6f6666' '#4f423e' '#bab7be' '#231e1f' '#8f8587'],81223
['#3c2c28' '#695d5f' '#e4e9ee' '#979a9f' '#bec7c3'],81267
['#5c4d4a' '#c7cacf' '#3e312c' '#827c7f' '#171516'],81331
['#362826' '#e5eaef' '#6e6060' '#bdc8c5' '#969aa4'],81420
['#2a2c2a' '#0d1012' '#887d7c' '#584d49' '#ccc6c6'],81937
['#7a6c6e' '#161015' '#353231' '#a2979c' '#564c4d'],82446
['#bec7c3' '#989ba0' '#6c5d5b' '#e5eaef' '#372925'],82537
['#594e4a' '#8a8081' '#282b29' '#0c1010' '#cdc6c7'],82814
['#bbc8c9' '#1d191a' '#7d7c7e' '#584e4d' '#821e19'],83085
['#edecea' '#821e19' '#1e1c1d' '#484240' '#777579'],83256
['#b9c4c4' '#821e19' '#584e4d' '#7c7a7a' '#1c1919'],83491
['#181619' '#675d5e' '#3c3937' '#eaebed' '#948c96'],83712
['#1c1919' '#b8c3c3' '#574d4c' '#7b7a7c' '#811d18'],83892
['#3b3837' '#655c5e' '#ebecee' '#938d96' '#181619'],84007
['#b8c4c6' '#1c1919' '#574e4f' '#811d18' '#7c7b7f'],84100
['#1b1a1c' '#514642' '#777274' '#a4a7ac' '#e9ecee'],84522
['#c6bebe' '#0d0e10' '#574d4f' '#877878' '#2b2b2e'],85102
['#171d1e' '#3d3836' '#675c5f' '#918a92' '#cbc7d0'],85386
['#877775' '#0b0b0b' '#2b292a' '#c1b6b7' '#5d4b49'],85496
['#5c5049' '#c0b8b8' '#2b2e2b' '#0d1214' '#88766f'],85667
['#8a8487' '#141619' '#c0c4d1' '#615758' '#333236'],85848
['#0d1214' '#2d2e2c' '#8a7871' '#c8c1bc' '#5d514a'],85984
['#babbc3' '#847b7d' '#5d5454' '#303336' '#141617'],86127
['#897770' '#5d4e48' '#c7bec2' '#2b2d2d' '#0d1015'],86229
['#1a1a1d' '#6e6366' '#433e41' '#938b91' '#c4c8d5'],86311
['#4a4244' '#e5dfd8' '#aca29f' '#7e6e6d' '#171c28'],86376
['#171417' '#bbb7c0' '#625254' '#333136' '#897b7f'],86485
['#171c28' '#4b4244' '#aba19e' '#7d6d6c' '#e7e1da'],86636
['#61524b' '#2e302e' '#0f1317' '#bfb6ba' '#8d7872'],86763
['#242322' '#4b4545' '#776c6f' '#ebeaef' '#a49ea4'],86865
['#5a534e' '#847676' '#101317' '#c0bfc7' '#262c2e'],86950
['#877e80' '#635756' '#37373b' '#18181b' '#b7b6c0'],87102
['#645b56' '#8c8283' '#2f3130' '#0d1216' '#c9c8d0'],87265
['#212423' '#a7a4ae' '#544b4d' '#edeff3' '#79727a'],87348
['#75646b' '#9a8f93' '#c5cad7' '#1f1a20' '#493e44'],87430
['#6b696f' '#14161c' '#524739' '#8e8a87' '#c7d2d6'],87487
['#a4a2ae' '#202323' '#544a4e' '#787279' '#ecedf3'],87526
['#bbbed1' '#8f868e' '#6b5f64' '#19191b' '#403a3f'],87582
['#93a6a7' '#222625' '#515257' '#e0efee' '#0f0f0f'],87695
['#afa4a3' '#796c6b' '#1a1e1d' '#473d37' '#070d0d'],88087
['#9a8b8d' '#142424' '#070d0d' '#0b1717' '#303836'],88525
['#eceaed' '#aaa6af' '#82797b' '#1b1d21' '#5d5350'],88829
['#f3f4f6' '#b0adb1' '#888181' '#241f22' '#685552'],89066
['#7c6c6b' '#2e322e' '#c1bfc2' '#0c1315' '#0f2053'],89153
['#817473' '#1f1b1d' '#f0f2f3' '#a9a4a9' '#5d4944'],89214
['#eef0f4' '#b1abb0' '#303336' '#766668' '#101726'],89262
['#f0f2f3' '#624d4a' '#aca7ac' '#201b1f' '#85787a'],89317
['#f0f2f3' '#aea8ab' '#786361' '#303230' '#111623'],89418
['#f3f4f6' '#221e20' '#887e7f' '#b1aeb2' '#675350'],89518
['#121622' '#75625c' '#ada5a5' '#2c2f2d' '#f3f3f3'],89722
['#b1adb0' '#f3f4f6' '#251f21' '#8a7f7e' '#69544f'],89982
['#b0a9ab' '#f4f4f4' '#191f25' '#857272' '#5a4441'],90137
['#201b1e' '#f3f4f6' '#857775' '#614d48' '#afa9ac'],90252
['#b0a9ab' '#f3f3f3' '#796764' '#323331' '#121724'],90338
['#aea9ab' '#332422' '#867b7a' '#f3f4f6' '#685954'],90453
['#b5aeb2' '#867777' '#f3f4f6' '#604846' '#19222a'],90583
['#8b8286' '#afadaf' '#332222' '#6c5e5e' '#eff0f2'],90684
['#716a6f' '#161718' '#403d41' '#ecedef' '#adaaae'],90795
['#8d7f7f' '#21222b' '#eff0f2' '#b4b1b6' '#645451'],91175
['#a7a0a4' '#5c4f4d' '#7d7271' '#f3f4f6' '#1d1b20'],91575
['#e6e3e8' '#a59a9f' '#594a42' '#7d6f6b' '#171725'],91685
['#222324' '#325c28' '#543a31' '#070b0a' '#694b44'],91733
['#463830' '#191717' '#dcd5d5' '#a89b9c' '#796966'],91801
['#78757f' '#c1c3cc' '#4d4c50' '#313534' '#a7a9ac'],91903
['#3a2b24' '#c3c7c8' '#959b9f' '#775e57' '#b3b8bd'],92125
['#4f4f56' '#acadae' '#946962' '#908d91' '#a6a5a7'],92363
['#b9b9c3' '#2e2820' '#685e62' '#4c403e' '#120e0d'],92701
['#757478' '#3e403a' '#222420' '#5b5b5d' '#9c999a'],93059
['#302720' '#181310' '#434042' '#5e5b68' '#060a08'],93306
['#8b766a' '#20130d' '#0b0809' '#2f2017' '#403c33'],93530
['#695e58' '#241616' '#afb0a0' '#442d21' '#060606'],93624
['#8c8180' '#301e19' '#46403b' '#0f0907' '#22120f'],93705
['#030303' '#afac9f' '#5a463c' '#080908' '#2a1817'],93855
['#565559' '#8e9aac' '#3a302c' '#221413' '#0d0605'],94019
['#b1b4aa' '#0a080b' '#2b1a18' '#5a483e' '#040603'],94176
['#251616' '#392d2a' '#4f4d4d' '#110807' '#848997'],94299
['#b6bab1' '#251717' '#060707' '#462f25' '#6e645f'],94350
['#8c8484' '#443e3a' '#0c0806' '#31221f' '#1f1412'],94448
['#5c4a41' '#2a1a1a' '#0a080b' '#b1b4aa' '#040603'],94597
['#5c5f5e' '#0f0907' '#241614' '#3e332e' '#9cafb6'],94707
['#241718' '#b7baaf' '#6a635d' '#080705' '#432e23'],94768
['#5a5e5d' '#261817' '#100a09' '#3f3530' '#97acb3'],94856
['#0a0a0e' '#2d1b1b' '#836d64' '#060a08' '#533b37'],95484
['#120e0d' '#040807' '#2c2221' '#02060d' '#060816'],96066
['#3a2722' '#a29e95' '#020300' '#060805' '#100b0d'],96111
['#0d0a0a' '#241513' '#33211d' '#43423f' '#897674'],96169
['#bab6a9' '#493227' '#080705' '#706660' '#291917'],96240
['#0f0a09' '#8d99ab' '#241616' '#332422' '#4d4f4e'],96363
['#040200' '#060a06' '#2c1b19' '#b6b2a5' '#5f4f44'],96507
['#464444' '#c6dbea' '#6e7782' '#2c201f' '#160e0e'],96597
['#868587' '#463e40' '#180e07' '#382929' '#5d5b5f'],96652
['#e3dbb6' '#06070a' '#100d0c' '#21181a' '#382419'],96756
['#3a221e' '#948276' '#5f453d' '#150c0a' '#030303'],97268
['#3a3c31' '#c4bfa9' '#090f0e' '#1a231b' '#6d6862'],97740
['#3d3740' '#120a0d' '#7d7e89' '#312228' '#55545e'],97816
['#605a5d' '#070d09' '#393332' '#9f94a4' '#1e1f1a'],97883
['#1e1011' '#5a565e' '#433e48' '#7b7c87' '#332a33'],97967
['#4a4040' '#221815' '#352924' '#797f8f' '#0d0d0a'],98039
['#0d130d' '#31352c' '#807d87' '#555a55' '#d0d4e2'],98094
['#101312' '#262826' '#424549' '#050608' '#6e7079'],98254
['#211b18' '#9d9492' '#100d0c' '#605853' '#3f3331'],98399
['#060a06' '#2d1b1b' '#08080f' '#778490' '#5d4849'],98468
['#3e3230' '#1f1817' '#5f5752' '#0d0a0b' '#a69c99'],98583
['#5e4644' '#78818c' '#08080f' '#090906' '#2b1919'],98677
['#5a534e' '#1d1715' '#958d8b' '#362d2d' '#0a0a0a'],98854
['#696770' '#07090b' '#281919' '#553a37' '#7e8d9d'],99071
['#523e3e' '#806864' '#0d0709' '#39201b' '#e2dbcc'],99188
['#241d20' '#0d0a11' '#5d5255' '#3c373a' '#85888d'],99267
['#826864' '#523c3d' '#39201b' '#e3dccd' '#0c0607'],99326
['#0b0b0f' '#241d20' '#84878c' '#3c3738' '#5d5152'],99438
['#381f1b' '#e4dccb' '#7f6964' '#0d0709' '#523e3e'],99556
['#62575a' '#282126' '#888990' '#0d0a11' '#433e41'],99635
['#100a09' '#8b7e78' '#342320' '#dacac0' '#554a4b'],100227
['#d7e8e0' '#2e2224' '#100b0d' '#574645' '#a58566'],101021
['#777072' '#372827' '#4f4245' '#261817' '#0d0d0d'],101329
['#585259' '#645f63' '#2d262e' '#5e595e' '#494349'],101432
['#34292e' '#443d42' '#1c1a22' '#0c0e12' '#5a575b'],102183
['#41332e' '#93898c' '#bebac3' '#f8f9fb' '#635652'],102954
['#0f0e16' '#2e2934' '#605053' '#887e82' '#bbb9b9'],103082
['#181620' '#736263' '#999299' '#534242' '#dddde3'],103263
['#5e4a4e' '#b7b7b1' '#0f1015' '#84797b' '#33272d'],103400
['#523f3c' '#c8ced2' '#8c8f90' '#181325' '#6e5f5a'],103481
['#b7bebc' '#0f1015' '#877f85' '#312834' '#5f4f55'],103567
['#cccdcb' '#4b3937' '#6b5755' '#14131f' '#8f888a'],103698
['#141722' '#aca3a4' '#52484c' '#ece5d6' '#817372'],103849
['#211c23' '#ebe9eb' '#72666b' '#5a474a' '#988f93'],104029
['#f0f2f3' '#aaa5aa' '#5e4747' '#7f7277' '#17191d'],104211
['#785960' '#1a1519' '#dcd6dc' '#a498a7' '#522d2c'],104336
['#4f454d' '#a0a1a6' '#110f12' '#bcbdbe' '#7c7b82'],104508
['#3a262b' '#5b4a62' '#c8bed6' '#897087' '#181519'],105073
['#847378' '#4a3b3f' '#b3a8a9' '#0f1012' '#ebe9e6'],105578
['#b5a186' '#0e0e0e' '#8c7668' '#675248' '#3e3131'],105861
['#040409' '#020300' '#756055' '#352a26' '#060a08'],106195
['#040409' '#dfceb6' '#4a362f' '#080705' '#746360'],106380
['#e4d5d2' '#3a1d19' '#654b43' '#0b0a07' '#060a10'],106654
['#351b15' '#0a0a0a' '#543c33' '#836b67' '#b6a2a1'],106992
['#0d0709' '#55413b' '#786b69' '#371f1b' '#908282'],107256
['#615353' '#44302e' '#9e8d8a' '#2a1a1c' '#100b0d'],107463
['#7d6c67' '#5d4237' '#0d0709' '#958688' '#38221b'],107659
['#3d2927' '#ab9c98' '#827271' '#191010' '#594b4b'],107831
['#95878b' '#7c6c69' '#38201a' '#0d0709' '#5c4239'],107962
['#432f2d' '#120d0c' '#9b8c8a' '#605252' '#2a1a1c'],108078
['#69544c' '#311b16' '#0d0605' '#877770' '#4e352b'],108287
['#a89899' '#41251a' '#240e06' '#553c30' '#6a5447'],108474
['#5d3d2e' '#4d1c10' '#99867e' '#77645e' '#180906'],108571
['#120705' '#7f6a62' '#462b1d' '#32150d' '#5d4536'],108764
['#381b0f' '#4d382c' '#776960' '#100c08' '#65554b'],108927
['#786c78' '#110604' '#5b4d62' '#291613' '#402a29'],109012
['#7a6e6a' '#4e392d' '#665750' '#100a09' '#3a1d0f'],109138
['#120909' '#5d5061' '#7e727b' '#2c1918' '#422e2c'],109277
['#3a1d11' '#0b0605' '#786865' '#62544f' '#49342c'],109462
['#301f19' '#4d3a37' '#8b6b66' '#5c5d81' '#120d0a'],109634
['#c5ada4' '#160a06' '#faf8f4' '#543a30' '#91776f'],109863
['#4d3a37' '#301f19' '#120d0a' '#5c5d81' '#8a6c65'],110264
['#faf8f4' '#8e746a' '#c6aca3' '#130906' '#50372b'],110581
['#636083' '#32201b' '#120e0d' '#906e6b' '#503b39'],110922
['#583b2e' '#cbb2a7' '#fbf9f5' '#1a0d07' '#987b6f'],111365
['#30201c' '#120e0d' '#8b5b4c' '#4b3939' '#6d6987'],111710
['#dfcec4' '#5d4638' '#3c1d10' '#0c0806' '#a28476'],111999
['#585a7d' '#301f19' '#4b3937' '#85686b' '#120b08'],112266
['#3c1d10' '#a3867a' '#dfcfc7' '#5f4738' '#0b0809'],112420
['#463635' '#0f0a09' '#7e6e70' '#2a1c17' '#51516f'],112493
['#140904' '#c6aca3' '#50372b' '#faf8f4' '#8c7269'],112779
['#413233' '#817479' '#100c0a' '#524d63' '#2a1c17'],113145
['#c5ada4' '#927870' '#160a06' '#533a30' '#faf8f4'],113371
['#483433' '#525374' '#2b1c18' '#0f0a09' '#7e686e'],113748
['#e2d3cc' '#3f1d10' '#0d0803' '#a5897d' '#61473a'],114180
['#201612' '#816e71' '#534b5d' '#0f0a09' '#33231f'],114489
['#0c0806' '#3c1d10' '#ddcdc5' '#5f4538' '#a38478'],114740
['#33221e' '#221613' '#0f0a09' '#52434a' '#7a6974'],114872
['#90766e' '#faf8f4' '#c6aca3' '#160a06' '#53392f'],115004
['#2c1d1a' '#7e6870' '#120b0a' '#505377' '#483534'],115321
['#0a0607' '#5f4439' '#3c1b11' '#9f8178' '#dccdc7'],115658
['#775246' '#413335' '#0f0a09' '#2b1b17' '#60617f'],115856
['#ddcdc5' '#3f1d10' '#9e8276' '#5e4437' '#0c0806'],116070
['#2f1f1b' '#6b6179' '#1e130f' '#4d3c44' '#0b0a07'],116280
['#3c1b0f' '#5e4436' '#9e8175' '#ddcdc5' '#0b0605'],116414
['#7e6972' '#2d1d19' '#100c0a' '#463535' '#525477'],116592
['#6d544d' '#0d0907' '#473027' '#c6b3b0' '#2d1914'],116831
['#50392c' '#170d08' '#341f15' '#e1d9d3' '#897169'],117206
['#4e392d' '#170d08' '#846e65' '#321d15' '#e6dfdf'],117820
['#180c06' '#503b2b' '#8e786f' '#e2dad6' '#341f15'],118482
['#876e65' '#e5ddd9' '#4f382b' '#351e16' '#1a0d0a'],119350
['#816b62' '#321f14' '#180c06' '#e3ded9' '#4c382c'],119936
['#21100c' '#352118' '#0b0605' '#786b6a' '#4c3b31'],120019
['#e4dcd8' '#321f15' '#7f6a62' '#4c382c' '#180c06'],120165
['#796d69' '#352118' '#4c3c30' '#0b0605' '#210f09'],120288
['#806e66' '#e4dfda' '#180c06' '#4c382c' '#321f15'],120363
['#4c3c30' '#786b65' '#372017' '#0b0605' '#210f09'],120425
['#4c382c' '#321f15' '#836d64' '#180c06' '#e3ded9'],120494
['#180c06' '#321f14' '#e4dfda' '#8d776e' '#4d392b'],120571
['#a39077' '#60554d' '#342016' '#150c07' '#47372a'],120618
['#180c09' '#867066' '#321f14' '#4d392b' '#e2dbd5'],120660
['#ab977c' '#150c07' '#625652' '#352218' '#45362c'],120740
['#8f7a6f' '#4e392a' '#331f15' '#e2dbd3' '#190d07'],120838
['#675551' '#b29584' '#341c15' '#130906' '#4b372b'],120897
['#190d07' '#836f62' '#4d3a2a' '#321f14' '#e6dfd6'],120937
['#705948' '#4b3627' '#2e1a11' '#120a04' '#b29c89'],121039
['#332017' '#1a0f09' '#4e3a2c' '#e7e1da' '#96857c'],121177
['#0f0905' '#c4b3a8' '#4e392a' '#2d1b11' '#7e6657'],121319
['#e5e0db' '#4f3c2f' '#342118' '#1a0f09' '#94837a'],121463
['#100805' '#7f685b' '#4f382b' '#cab7b2' '#2c1a12'],121553
['#0f0a09' '#3b271d' '#29150f' '#4e4038' '#9d8b86'],121597
['#705a4b' '#301f17' '#4c372a' '#110a06' '#b49e91'],121639
['#1a0d07' '#796f6a' '#301c15' '#3f2e26' '#524741'],121791
['#806b5b' '#c9b9af' '#0f0905' '#301b13' '#4d392b'],121938
['#321c14' '#554741' '#1d0d06' '#786c68' '#412f26'],121984
['#4d392b' '#0d0907' '#c4b4ab' '#7f6a5c' '#341e16'],122045
['#422d24' '#311b12' '#1d0f08' '#796d69' '#56473f'],122134
['#311b12' '#1d0f08' '#432e24' '#7c6f69' '#564842'],122250
['#4d382b' '#c3b3aa' '#2c1a12' '#0f0905' '#7a6658'],122340
['#46423b' '#0e0f0d' '#ceddd1' '#707366' '#242419'],122421
['#343127' '#514c51' '#716a68' '#c8cfb9' '#1b1310'],122541
['#0f0f0f' '#707369' '#47423c' '#cfded8' '#24221a'],122630
['#373025' '#534b4f' '#ceccb6' '#1b120f' '#736a67'],122689
['#28221b' '#0d0d0a' '#737269' '#d2e1d7' '#47413d'],123017
['#1e2b25' '#91887f' '#494d47' '#332018' '#15120f'],123336
['#dff4e9' '#90908a' '#41392b' '#6a5d4f' '#11100e'],123440
['#454741' '#2f1d17' '#120e0b' '#888276' '#1a2921'],123637
['#3c3329' '#100f0d' '#8d8281' '#daf2e6' '#61534b'],123806
['#4a4e46' '#281d16' '#888678' '#282f27' '#100c0a'],123887
['#dbf1e8' '#61544d' '#3e332a' '#100f0d' '#868887'],124033
['#8a8679' '#4a4e46' '#2b1d15' '#100d0c' '#272e26'],124194
['#d7efe3' '#574b41' '#0f0e0c' '#373024' '#877c78'],124355
['#2f1c14' '#4c4f45' '#8e8e7d' '#11120d' '#242d24'],124511
['#7d7b78' '#cddbd4' '#100a09' '#463e3d' '#291e1d'],124638
['#201c20' '#0a0b0d' '#555255' '#3f312e' '#898c91'],124839
['#453f3b' '#291e1b' '#110a06' '#777874' '#cad8cd'],125033
['#543c33' '#191417' '#817073' '#6c524b' '#39261e'],125470
['#1e1d11' '#b89a8b' '#685e4c' '#443d2b' '#7b8bbc'],125996
['#5f4b41' '#090906' '#d9d7dd' '#987d7f' '#392217'],126264
['#3e2a1a' '#664839' '#e7e5f2' '#7d6667' '#0a0b0d'],126454
['#dfd8dc' '#5e4e43' '#090a0c' '#3a2219' '#a0807f'],126654
['#714d3e' '#0b0b0b' '#837071' '#48301e' '#2e1d11'],126799
['#dad3d6' '#080908' '#352017' '#937a7d' '#554b43'],126945
['#4c3e36' '#251510' '#37261d' '#858287' '#0b0a07'],127234
['#1a1008' '#716f70' '#5e544b' '#8f94a0' '#3d2f1e'],127449
['#1a0f09' '#50423a' '#352318' '#b4b3bb' '#84838a'],127562
['#736f76' '#888994' '#191014' '#392d28' '#5a504d'],127684
['#160d0b' '#f4ebe7' '#352620' '#585352' '#9e8a88'],127821
['#77716f' '#1b0f12' '#3e2f29' '#5d524e' '#8f8d8d'],127979
['#9a8a88' '#342620' '#565253' '#150d0f' '#f2edea'],128202
['#382b28' '#180e13' '#87868a' '#6d6867' '#554a48'],128477
['#f2ece7' '#9d8c89' '#150d0f' '#575251' '#342620'],128638
['#3c2c28' '#766e6e' '#594d4b' '#8d8a8f' '#1b0f12'],128744
['#150d0f' '#342620' '#998987' '#f1ece9' '#565253'],128892
['#5b514e' '#8f8d8d' '#3e2d2a' '#766e6c' '#1b1015'],129130
['#150d0f' '#9a8a88' '#352522' '#f2edea' '#585153'],129359
['#3b2b26' '#706665' '#584b47' '#1b0f12' '#8d8b8b'],129540
['#140c0c' '#352521' '#f1ece9' '#9c8988' '#585153'],129690
['#564a46' '#3b2b26' '#1a0d11' '#878585' '#706a67'],129796
['#140c0c' '#342620' '#f1ece9' '#9a8a8a' '#555152'],129969
['#746e6e' '#574c4a' '#3b2b29' '#8a898d' '#190d13'],130124
['#f1ece9' '#342620' '#555152' '#140c0c' '#9a8a88'],130204
['#3e2d29' '#5d514b' '#766f6c' '#8e8d8c' '#1b0f12'],130290
['#9c8d8b' '#565253' '#140c0c' '#342620' '#f1ece9'],130387
['#8d8c8b' '#756e6b' '#3e2d29' '#5d514b' '#1b1013'],130497
['#140c0c' '#565253' '#998a88' '#342620' '#f2edea'],130651
['#3b2a25' '#190c10' '#736c6a' '#564a45' '#89888a'],130849
['#352620' '#f2edea' '#565253' '#150d0d' '#9a8a88'],130992
['#382b28' '#88888a' '#170d12' '#564a46' '#726b69'],131110
['#f2edea' '#140c0c' '#565253' '#352621' '#9b8c8a'],131277
['#968b8a' '#291c18' '#3e3432' '#4e4c51' '#0f0a0d'],131400
['#f1eee8' '#17191d' '#4d413f' '#b1aaac' '#7e6f6f'],131520
['#dddfdd' '#171518' '#8e8485' '#645559' '#3a3036'],131703
['#aea3a4' '#17171b' '#ece8e1' '#41373b' '#7b6767'],131949
['#8e8386' '#63555a' '#1a1518' '#3d3037' '#dedddb'],132135
['#3c3339' '#796462' '#ac9e9e' '#ede6e0' '#161419'],132244
['#3b3138' '#62555a' '#8c8284' '#dadddc' '#191519'],132353
['#baacab' '#18181f' '#826e6e' '#f5eee8' '#4a3d3f'],132425
['#8d8285' '#63555a' '#3b3037' '#191418' '#dfdedd'],132538
['#483b3d' '#7c6868' '#17171e' '#b1a3a3' '#f2ece5'],132658
['#42353c' '#675a5d' '#8e8684' '#1b171b' '#dfe0dc'],132750
['#5d4a4f' '#eeedeb' '#7b6f70' '#a49f9b' '#1e1a35'],132958
['#583f3f' '#1f181e' '#e9ecee' '#7c6a6a' '#a89f9e'],134227
['#5c4248' '#191622' '#817272' '#f2f1ef' '#b3aba7'],135619
['#b5aba7' '#eeece8' '#191721' '#68332e' '#816f70'],136184
['#5d4a4a' '#a9a7a7' '#807475' '#eff2f1' '#1c1922'],136512
['#67342d' '#151720' '#b8a99f' '#816e6c' '#eeece6'],136703
['#5e4c4d' '#1f1c28' '#7e7074' '#9a9499' '#cacccc'],136976
['#67342d' '#b7ada6' '#14151d' '#827271' '#efede9'],137282
['#f0f3f2' '#7f7271' '#121219' '#554240' '#adaaa9'],137561
['#f3f2f1' '#7d7172' '#b2aaa6' '#5f3b3a' '#171926'],137733
['#030208' '#312d2e' '#030606' '#6d6b6d' '#d9dcdb'],137864
['#696769' '#3c3339' '#8c8f90' '#161215' '#544f53'],137960
['#565356' '#030303' '#080908' '#e1e3e3' '#2e2523'],138083
['#090906' '#1a1517' '#484b52' '#768488' '#333136'],138317
['#17171b' '#040409' '#020504' '#393039' '#5b5a61'],138492
['#2b241f' '#413c37' '#898b89' '#605d57' '#040603'],138586
['#cbc8c7' '#3a2f31' '#111217' '#918489' '#6a5455'],138738
['#a7a3c3' '#796662' '#312d2c' '#574846' '#141315'],138876
['#8e95c4' '#6d6d97' '#2e2c31' '#4f4654' '#4c5183'],139193
['#8186ad' '#5c5c7e' '#4b362d' '#2a2b37' '#373e67'],139474
['#c9c8c7' '#0f1015' '#332b2d' '#887e82' '#604d4b'],139719
['#8c7e82' '#cfc7bd' '#565146' '#30342b' '#141715'],139999
['#8b828a' '#4c5048' '#f3f3f3' '#0f170e' '#293225'],140167
['#878685' '#5c5955' '#f3f3f3' '#161513' '#30362b'],140881
['#897f80' '#30362b' '#cdc8bd' '#161814' '#555247'],141525
['#191718' '#878787' '#63625f' '#e1e8e8' '#393934'],141644
['#0b0b0b' '#3d3938' '#241c1b' '#717273' '#d6e0e4'],141913
['#1c1d2a' '#a6bfc5' '#0b0a07' '#596b77' '#080a0e'],142629
['#756e70' '#a7a1a0' '#554c4e' '#a09b9c' '#958e90'],143385
['#100c0a' '#cfd1ce' '#5c4f41' '#392a1f' '#7e786b'],143772
['#a17c84' '#f0e5f2' '#302822' '#191210' '#6e524c'],144041
['#886869' '#352620' '#5a433a' '#d8c5cc' '#0d0907'],144316
['#6c5452' '#312a29' '#eee6f2' '#151112' '#a07986'],144586
['#e1e0d4' '#201614' '#919089' '#503632' '#73625e'],144777
['#534441' '#8c7d7a' '#e2e0d6' '#1e1617' '#b0ada2'],145084
['#2f3031' '#5c5353' '#b3acae' '#756d6d' '#0e1010'],145342
['#1f1816' '#756460' '#e9e6db' '#97928d' '#513832'],145453
['#b9b6b4' '#303032' '#79716f' '#0f100e' '#5f5755'],145599
['#746560' '#e9e6db' '#1f1715' '#97928d' '#4e3833'],145741
['#b7b2af' '#5c5251' '#0d0f0c' '#2f3031' '#78706e'],145849
['#4f3934' '#1e1715' '#94918c' '#eae8dc' '#73645f'],145937
['#2f3031' '#756f6d' '#0c0f0e' '#b4b2ae' '#5c5251'],146050
['#e9e6db' '#746560' '#95928d' '#4e3833' '#1e1714'],146134
['#b4b4b0' '#75716e' '#5a5553' '#2b2e2f' '#0d0f0f'],146211
['#1e1715' '#4e3833' '#97948f' '#746560' '#e9e8e0'],146348
['#75716e' '#2d3031' '#b5b4af' '#5a5452' '#0d0f0f'],146478
['#99958f' '#4e3833' '#e9e8da' '#756661' '#1e1716'],146651
['#575251' '#2b2c2e' '#0e0e0e' '#74706d' '#b1b3ac'],146848
['#7a6d67' '#553e37' '#211917' '#e9e6db' '#9b9791'],146954
['#b3b2ac' '#0d0f0f' '#777370' '#313233' '#5e5757'],147023
['#84736b' '#bbb1aa' '#e2dfda' '#120b0a' '#3f332b'],147104
['#303134' '#101113' '#625859' '#7c7676' '#bdbdbb'],147214
['#3f342f' '#e2e1dd' '#beb5ad' '#8a7a75' '#100b0d'],147315
['#665d5c' '#c0beb8' '#7e7a77' '#0e1010' '#313235'],147411
['#3d342e' '#22201a' '#5e5453' '#080908' '#11140f'],147565
['#533d2e' '#3a2c22' '#685143' '#a89b9c' '#100d0c'],147744
['#503e39' '#816b6d' '#9b9194' '#141210' '#e1adb6'],147872
['#3d2e23' '#553f2e' '#a89e9e' '#6a5345' '#100e0a'],147956
['#9a9292' '#141210' '#503e37' '#e0acb5' '#826c6e'],148036
['#533d2e' '#6a5345' '#3b291d' '#aaa0a0' '#0f0d08'],148128
['#816b6d' '#e1aab2' '#4f3d36' '#9b9091' '#14100d'],148217
['#6a5346' '#533d2e' '#ada3a5' '#3a2c22' '#0d0d0a'],148289
['#dfaab3' '#4d3b35' '#988d8c' '#130f0e' '#7e6768'],148347
['#0d0d0a' '#3e2d22' '#553f30' '#ada3a5' '#6a5447'],148577
['#11100e' '#907f82' '#a49798' '#6b5554' '#43342e'],148866
['#675345' '#513f32' '#3c2c22' '#a69fa3' '#0f0d08'],149004
['#a39697' '#44352f' '#8d7b7c' '#11100e' '#6a5351'],149089
['#0d0d0a' '#3b2d22' '#533e30' '#695348' '#aaa1a5'],149148
['#1e3242' '#050d11' '#0d1a23' '#030606' '#3b576a'],149249
['#050a0b' '#c4e9ed' '#3a5259' '#1b272e' '#181718'],149372
['#06070a' '#060d0f' '#20313d' '#6d7f8a' '#0f1921'],149464
['#c4e6eb' '#3c4f59' '#281411' '#0a0a0a' '#19252b'],149549
['#425b6e' '#0f1c25' '#eaf2f4' '#060b0c' '#233a4d'],149735
['#17232a' '#0a0a0a' '#3b505a' '#c2e6ea' '#291310'],149970
['#0e1c26' '#060b0c' '#263b4e' '#445f73' '#eaf3f7'],150122
['#3c505b' '#291411' '#17252d' '#0a0a0a' '#c1e6ec'],150285
['#eaf2f4' '#425c6f' '#24394a' '#060b0c' '#0f1b24'],150589
['#2c1410' '#0a0a0a' '#3c515c' '#182328' '#c4e9ed'],150865
['#0e1c26' '#060b0c' '#263d4f' '#476074' '#e8f2f4'],150967
['#0a0a0a' '#291411' '#192429' '#3d545d' '#c5eaee'],151044
['#0f151e' '#3d4d5c' '#050b0e' '#060805' '#202937'],151168
['#495e78' '#101c2a' '#080a0e' '#283c53' '#eaf3f7'],151353
['#2b1311' '#354b57' '#17232a' '#c2e6ea' '#090a0c'],151519
['#101c28' '#293e54' '#060b0c' '#496077' '#eaf3f7'],151639
['#2b1512' '#c7e9ee' '#18242a' '#0a0a0a' '#3a4f5a'],151732
['#4b6076' '#060b0c' '#ebf3f5' '#101b26' '#2b3e53'],151804
['#c2e8ee' '#291411' '#192429' '#0a0a0a' '#3c505b'],151921
['#475e75' '#060b0c' '#283b50' '#e9f2f6' '#0f1b25'],152106
['#2f1713' '#3e5660' '#1c282e' '#c5eaee' '#0d0d0d'],152396
['#0f1b28' '#edf4f6' '#455d76' '#283c53' '#060b0c'],152610
['#1b292f' '#3d555f' '#c6ebef' '#0d0d0d' '#301714'],152705
['#0e1c26' '#496176' '#060b0c' '#293e53' '#ebf3f5'],152885
['#c8eaef' '#2e1612' '#0d0d0a' '#3d555f' '#1b282d'],153081
['#e9f2f6' '#0f1d28' '#2b4156' '#070d0d' '#4a647b'],153195
['#3b515a' '#c7e9ee' '#311611' '#0d0d0d' '#1b272e'],153348
['#060b0c' '#3e556c' '#0d1922' '#1d2b3d' '#e5eef4'],153515
['#0d1828' '#dae5f3' '#203149' '#475775' '#02080c'],153680
['#060b07' '#03080a' '#545d63' '#030303' '#1f292c'],153812
['#ceecef' '#394f5b' '#070d0d' '#2b1713' '#19222a'],153875
['#203647' '#060b0c' '#42586c' '#0f1d28' '#eaf3f3'],153941
['#242f3e' '#3d4e5f' '#050a0b' '#0d131a' '#161e2a'],154024
['#301512' '#c8eaef' '#0b0b0b' '#3d515e' '#1b262e'],154115
['#57586e' '#1d232f' '#060a08' '#10161f' '#080f13'],154329
['#d8f0f5' '#0d181e' '#060b0c' '#405c6f' '#1d2c37'],154647
['#869a9f' '#030303' '#141315' '#2e272a' '#4e4a4b'],154860
['#6a6262' '#050a0b' '#040409' '#020504' '#222424'],155542
['#505157' '#243037' '#171a1c' '#030606' '#868083'],156190
['#252b25' '#4b4d50' '#606166' '#b9b8c6' '#717176'],156482
['#645651' '#f1f0f2' '#8c8484' '#261f1d' '#afacad'],156887
['#473b33' '#dee2ed' '#645854' '#151312' '#86838a'],157151
['#f4f5f7' '#312b26' '#8b6a51' '#5a483f' '#151312'],157296
['#847e81' '#252220' '#6e625c' '#473b30' '#13100f'],157616
['#979597' '#746356' '#18120e' '#e6e7eb' '#513a30'],157934
['#9e9fa4' '#6c5d58' '#6a1f10' '#22211e' '#e5ecee'],157988
['#92816a' '#251b18' '#60544f' '#e8edf0' '#acada9'],158027
['#5a2f22' '#1b1514' '#75655b' '#e5eff1' '#a2a1a3'],158317
['#84706b' '#574039' '#c2b7b4' '#242420' '#0f0a09'],158638
['#1e191a' '#7f6455' '#564035' '#d3cdd3' '#9f8c85'],158727
['#622214' '#e8e9f1' '#67595b' '#98939d' '#1d1917'],158800
['#5b453a' '#f0edf2' '#b0a3a5' '#896f62' '#221b1e'],158860
['#2a2623' '#564642' '#0f0a09' '#c9bbb5' '#907b74'],158910
['#e8e9f1' '#6b5d5d' '#9c99a4' '#1d1a17' '#632415'],158957
['#6b5144' '#8a756e' '#afa3a8' '#392822' '#f1ecf4'],159003
['#1e1a17' '#9c999d' '#632417' '#6e5e5b' '#e7e9ec'],159066
['#afa1a6' '#63473b' '#886f66' '#2b1e1c' '#f1eef5'],159218
['#191a21' '#403228' '#544339' '#696065' '#857f8d'],159425
['#a6a1b1' '#786d70' '#eeeef2' '#1f2322' '#544848'],160078
['#736b69' '#a29d9e' '#2d2623' '#f5f5f5' '#5c4e49'],160651
['#5f4d41' '#1d2028' '#7e6d65' '#a29b9f' '#dbcbc3'],160692
['#f1f0f2' '#1d211e' '#7e6e6d' '#594841' '#aba2a6'],161300
['#675854' '#111214' '#3a332f' '#ccc2bf' '#938481'],161969
['#856b63' '#b9b4b9' '#0d1216' '#282726' '#554741'],162089
['#999697' '#0b1214' '#3c3533' '#6c6365' '#ebeff0'],162304
['#101415' '#2e2b28' '#5d4c44' '#8e756b' '#c5c2c3'],162524
['#9b9091' '#3e3435' '#0d1317' '#6e6062' '#edeaeb'],162739
['#101415' '#c8c6c6' '#2e2b27' '#5c4b44' '#8d756d'],162966
['#989193' '#3d3435' '#6b6063' '#0d1216' '#edeaeb'],163115
['#060208' '#00030a' '#020504' '#02040d' '#020a0b'],163314
['#4e3d2e' '#8a7e76' '#2f1e16' '#6e5e46' '#0d0907'],163614
['#574436' '#2c2423' '#c5d4ca' '#0f0d10' '#8e7b67'],164304
['#604837' '#392e2c' '#a2a9a5' '#1a1213' '#7b7162'],165104
['#6d5a48' '#2c2426' '#4e3b32' '#100e14' '#978b83'],165460
['#544a3f' '#0f0a09' '#2d2017' '#030502' '#030406'],166199
['#170c0b' '#72685e' '#5a4f3c' '#463924' '#2d2016'],167018
['#030406' '#5a4e44' '#403327' '#281a16' '#080908'],167285
['#201612' '#120909' '#70665c' '#554b3a' '#42331f'],167525
['#060707' '#6a5c4e' '#1c120d' '#392a1d' '#cdbca2'],167793
['#332820' '#474036' '#221713' '#6a6760' '#060606'],168028
['#1f150f' '#d3c4aa' '#6b6155' '#3b2e22' '#080705'],168179
['#211713' '#322922' '#484239' '#6b6a66' '#060606'],168400
['#372b1f' '#665e52' '#060707' '#1b120d' '#c6bba4'],168582
['#49433a' '#060606' '#332a23' '#211714' '#6a6a68'],168652
['#060606' '#372b1f' '#1b120d' '#c2b69c' '#655c4d'],168704
['#060402' '#423c33' '#65635e' '#2e241d' '#1d140f'],168754
['#1b120a' '#c2b69e' '#080705' '#372b1f' '#655c4f'],168813
['#2a221b' '#0b0605' '#7c7870' '#403a32' '#5d5a56'],168894
['#36312c' '#121817' '#695048' '#bbbec3' '#8c8586'],168957
['#d5d7da' '#877d7a' '#634f47' '#151818' '#a5a3a3'],169017
['#181c1b' '#c4c9ce' '#90898a' '#4e4541' '#726664'],169503
['#101215' '#9b949b' '#655655' '#7d7377' '#47322b'],169971
['#0e1312' '#918282' '#2e2e2b' '#c9bed1' '#67493f'],170039
['#857673' '#101113' '#dfdcda' '#59443e' '#a39b9b'],170126
['#1d201e' '#ede8ec' '#aea6a6' '#564d47' '#807471'],170414
['#726059' '#151614' '#463c37' '#ae9f9d' '#8d7d78'],170725
['#6c605a' '#8b868b' '#f4f6fa' '#382b25' '#aaabb6'],170829
['#b7aca5' '#685751' '#988a82' '#f0eceb' '#22211d'],170914
['#9c9da2' '#655148' '#746d6a' '#f2f7fa' '#342421'],170985
['#3a2f29' '#100f0d' '#af9c9b' '#917973' '#6c5750'],171065
['#9899a4' '#22181e' '#736867' '#5b423c' '#f3f5f9'],171144
['#efeef0' '#62504e' '#3d211d' '#a5a09e' '#7f7473'],171199
['#f3f8fb' '#402d29' '#a5adb4' '#838388' '#6d635e'],171266
['#8c7569' '#6e584b' '#13110d' '#3e2e24' '#ac9992'],172048
['#4b3f3d' '#a4a0a3' '#111217' '#736867' '#eeeff1'],173038
['#544e4f' '#e2e4e8' '#827b7c' '#101726' '#a7a3a6'],173367
['#a08e91' '#07090b' '#0f1518' '#1e2225' '#3e3e47'],173522
['#020608' '#202024' '#695e66' '#453c40' '#8e8fa4'],173641
['#131b21' '#000405' '#3d363e' '#040e12' '#8f7b82'],173765
['#666666' '#0d0907' '#7a7a7c' '#352d2d' '#514c4d'],173886
['#7b7e82' '#181716' '#03040b' '#36363e' '#000302'],173954
['#090a0c' '#8f877c' '#59463a' '#2a1913' '#000204'],173994
['#706b62' '#372f26' '#aaa69f' '#030303' '#e7e2df'],174058
['#8ca0ad' '#f3fafa' '#342320' '#766972' '#554343'],174122
['#ac9e98' '#7e6b61' '#151b19' '#4e4045' '#f2f0f0'],174369
['#ecf4f8' '#493635' '#231714' '#8a8c99' '#605259'],174620
['#3a3232' '#695458' '#141516' '#ccc1c1' '#938486'],174692
['#cfe1e1' '#67696f' '#839a9e' '#44363a' '#201719'],174794
['#332e2c' '#474245' '#100f10' '#92a1cf' '#71738c'],175062
['#14100d' '#382e26' '#8b979c' '#605856' '#b7cbcf'],175357
['#614f4d' '#1d1918' '#a3a8be' '#7c747a' '#3f3432'],175486
['#584544' '#94aeac' '#727a7d' '#322520' '#d5e7e5'],175603
['#1f1918' '#413330' '#664f4b' '#aba9bf' '#82757a'],175709
['#5a596c' '#453f3b' '#262422' '#131011' '#a68fb6'],175891
['#3f3233' '#66555b' '#c6c2c5' '#151515' '#908589'],176151
['#66554c' '#131011' '#a88dad' '#38322e' '#4e536d'],176394
['#201717' '#666971' '#443839' '#d8e7e8' '#859aa1'],176583
['#625c74' '#07090b' '#3b4454' '#9987a3' '#2b333c'],176715
['#b2adbe' '#5d5454' '#100c0a' '#29231a' '#443832'],177220
['#80837f' '#040404' '#464441' '#191210' '#2a2421'],178399
['#625a55' '#514740' '#13100f' '#342d29' '#797371'],179199
['#635856' '#282320' '#f3f3f3' '#11100e' '#433b38'],179384
['#3d302f' '#e2e2cc' '#715d5d' '#131214' '#948d8f'],179578
['#131011' '#47322e' '#6f5d5b' '#ededed' '#a59d9d'],179654
['#503a33' '#171212' '#e2e1df' '#776562' '#a79e9d'],179815
['#614f50' '#c8c1c9' '#8b7a7f' '#111214' '#433333'],179994
['#806b69' '#201917' '#543d37' '#b2a2a2' '#efeced'],180048
['#8e908f' '#7c7f7e' '#bbbcc4' '#6d584e' '#392729'],180096
['#634943' '#201a1f' '#7c706c' '#8f847e' '#b2b8c9'],180156
['#e4e2e5' '#afa1a1' '#191514' '#4d3b36' '#7d6b6b'],180332
['#797371' '#321f1c' '#05070c' '#bab6b9' '#503a35'],180550
['#c3b2a5' '#110a06' '#352017' '#766254' '#513c2f'],180759
['#030303' '#7c828c' '#080c11' '#040807' '#2b3137'],181050
['#464243' '#aeabaa' '#020409' '#020504' '#151515'],181284
['#585250' '#999398' '#312b26' '#060707' '#ebebeb'],181393
['#38322d' '#59544e' '#f6f6f6' '#100d0c' '#9e9593'],181445
['#06070a' '#66636a' '#373433' '#c8e0eb' '#191817'],181506
['#11100e' '#0e0507' '#8e837f' '#040404' '#37312e'],181700
['#d1cabc' '#000302' '#040409' '#060a08' '#0040c2'],181902
['#1f0f0c' '#cca17f' '#030303' '#0e0706' '#3f2319'],181993
['#040205' '#393d3f' '#07090b' '#161b20' '#a7a9a7'],182374
['#9bb6ce' '#0d141a' '#394859' '#222a36' '#050608'],182815
['#465c79' '#0f1e2a' '#1e3448' '#dde3ee' '#060b0c'],183116
['#000302' '#3d3e41' '#060707' '#010b08' '#040409'],183393
['#23202a' '#bbe1f5' '#2d435b' '#140e13' '#020305'],183609
['#000302' '#010308' '#343c40' '#0040c2' '#0040c2'],183807
['#241b22' '#c1e0f3' '#2c4157' '#020305' '#0d0c10'],183994
['#020c0e' '#000302' '#31383d' '#000400' '#010308'],184164
['#0f0d10' '#221e24' '#2c4359' '#030303' '#bae0f4'],184316
['#06070a' '#050d0d' '#393f47' '#060805' '#020300'],184457
['#294359' '#bde0f5' '#0f0d10' '#000302' '#201e24'],184530
['#090f0e' '#3a3d46' '#030502' '#030303' '#040807'],184761
['#000302' '#284258' '#201e24' '#0f0d10' '#b9ddf4'],185028
['#030303' '#000500' '#030208' '#060a08' '#343942'],185329
['#201d24' '#000302' '#274257' '#0e0d12' '#b6dbf2'],185619
['#3b3e47' '#050a0b' '#020300' '#060805' '#020305'],185821
['#000302' '#0c0e12' '#1f1c23' '#284155' '#b5daf0'],186096
['#000400' '#010308' '#363d40' '#000405' '#071213'],186270
['#7e6c2f' '#988641' '#554422' '#100a04' '#332113'],186495
['#b9a15e' '#09060a' '#372722' '#72633a' '#9a8549'],186713
['#060603' '#7b694f' '#1a120c' '#2e2218' '#493a27'],186866
['#7f703d' '#bda45f' '#3c2d26' '#a28c4d' '#09060a'],187009
['#705f4d' '#a5938e' '#493c32' '#0a0a0a' '#2b201e'],187103
['#241d1e' '#564c4b' '#a07f7b' '#080908' '#ccced2'],187336
['#928178' '#0d0a0a' '#41352d' '#625348' '#291e1d'],187615
['#231b1c' '#504645' '#cbc7cc' '#0a0a0a' '#987572'],188001
['#45201a' '#0a0607' '#90827a' '#c2b7b8' '#734334'],188338
['#090906' '#020703' '#060306' '#5b5243' '#040200'],188742
['#5f463b' '#2e1d19' '#9a8b8d' '#020504' '#030208'],189129
['#1d0e0f' '#917d7c' '#03040b' '#030502' '#492e2b'],189209
['#aba9b5' '#040404' '#533b33' '#2d1d1a' '#81675e'],189327
['#040404' '#3b1e1d' '#604740' '#190c10' '#a7969a'],189442
['#030303' '#695b5a' '#302324' '#d6d3ce' '#0040c2'],189650
['#8d7c79' '#1b0f10' '#472c29' '#05050d' '#030502'],189994
['#030406' '#2c1d1d' '#acabb9' '#826b64' '#563e36'],190214
['#391e1e' '#a39697' '#170c0f' '#040404' '#5d4842'],190551
['#adacba' '#533e35' '#826b62' '#040404' '#2d1d1b'],190881
['#361d1f' '#9f8f8f' '#030406' '#150d11' '#5b443e'],190990
['#030303' '#000500' '#272320' '#8f8373' '#070b0a'],191230
['#2a1b1e' '#a5a4a6' '#5c4a4f' '#7f7175' '#f0f2f3'],193233
['#000405' '#c5c8c9' '#515455' '#0040c2' '#0040c2'],196985
