frame,num_faces,num_people,largest_face,largest_body,shot_length,objects,people
489,0,0,0.0,0.0,1-VLS,,
1269,0,0,0.0,0.0,1-VLS,,
1677,0,0,0.0,0.0,1-VLS,boat,
1851,0,0,0.0,0.0,1-VLS,,
1967,4,0,0.24791666666666667,0.0,5-MCU,,
2134,0,0,0.0,0.0,1-VLS,,
2308,0,0,0.0,0.0,1-VLS,,
2446,1,0,0.3104166666666667,0.0,6-CU,,
2561,2,0,0.15416666666666667,0.0,4-MS,dog; person,
2678,2,0,0.26666666666666666,0.0,5-MCU,tie,
2790,1,0,0.12291666666666666,0.0,3-MLS,person,
2869,0,2,0.0,0.26875,1-VLS,person,
3499,0,0,0.0,0.0,1-VLS,,
4335,0,0,0.0,0.0,1-VLS,,
5015,0,0,0.0,0.0,1-VLS,,
5512,0,1,0.0,0.9895833333333334,1-VLS,person,
5605,0,1,0.0,0.9645833333333333,1-VLS,person,
5680,0,1,0.0,0.975,1-VLS,person,
5764,0,0,0.0,0.0,1-VLS,person,
5875,0,0,0.0,0.0,1-VLS,car,
6052,2,1,0.32708333333333334,0.9520833333333333,6-CU,person,
6238,0,0,0.0,0.0,1-VLS,person,
6612,1,2,0.08958333333333333,0.8229166666666666,3-MLS,person,
7009,1,0,0.06041666666666667,0.0,3-MLS,,
7158,1,0,0.05416666666666667,0.0,3-MLS,,
7236,1,0,0.075,0.0,3-MLS,,
7334,0,0,0.0,0.0,1-VLS,person,
7528,3,4,0.08958333333333333,0.925,3-MLS,person,
7681,0,0,0.0,0.0,1-VLS,,
7719,0,0,0.0,0.0,1-VLS,,
7763,0,0,0.0,0.0,1-VLS,dog; person,
7869,0,0,0.0,0.0,1-VLS,,
8025,1,0,0.04791666666666667,0.0,2-LS,,
8137,1,1,0.05625,0.5895833333333333,3-MLS,person,
8245,0,0,0.0,0.0,1-VLS,,
8456,0,0,0.0,0.0,1-VLS,,
8645,0,0,0.0,0.0,1-VLS,,
8802,1,1,0.08958333333333333,0.8520833333333333,3-MLS,person,
8997,1,1,0.06458333333333334,0.5166666666666667,3-MLS,chair; person,
9120,1,0,0.08958333333333333,0.0,3-MLS,couch; person,
9250,0,1,0.0,0.9645833333333333,1-VLS,person,
9367,0,0,0.0,0.0,1-VLS,,
9402,0,0,0.0,0.0,1-VLS,,
9437,0,1,0.0,0.8583333333333333,1-VLS,person,
9560,0,0,0.0,0.0,1-VLS,,
9694,1,0,0.13541666666666666,0.0,3-MLS,person,
9807,5,1,0.2375,0.88125,5-MCU,person; tie,
10035,0,0,0.0,0.0,1-VLS,,
10245,2,1,0.6354166666666666,0.88125,7-BCU,person; tie,
10380,2,2,0.16458333333333333,0.88125,4-MS,person; tie,
10514,2,2,0.47291666666666665,0.9520833333333333,6-CU,person,
10607,1,1,0.275,0.875,5-MCU,person; tie,
10773,1,0,0.11875,0.0,3-MLS,cup; tv,
11254,1,2,0.18541666666666667,0.9166666666666666,4-MS,book; person,
11920,1,4,0.12708333333333333,0.9291666666666667,3-MLS,person,
12343,4,2,0.28541666666666665,0.925,5-MCU,person; tie,
12502,2,4,0.11041666666666666,0.34375,3-MLS,person,
13219,4,1,0.29791666666666666,0.8583333333333333,5-MCU,person; tie,
14539,1,2,0.2375,0.9229166666666667,5-MCU,person,
15690,5,2,0.21666666666666667,0.8958333333333334,5-MCU,person; tie,
16278,5,2,0.058333333333333334,0.325,3-MLS,parking meter; person,
16438,7,4,0.2604166666666667,0.9270833333333334,5-MCU,person; tie,
16632,2,6,0.0375,0.6854166666666667,2-LS,person,
16819,2,2,0.5395833333333333,0.9729166666666667,7-BCU,person,
16956,4,6,0.05625,0.8104166666666667,3-MLS,bottle; person; skateboard,
17227,1,2,0.48541666666666666,0.9833333333333333,6-CU,book; person,
17453,3,6,0.0625,0.8083333333333333,3-MLS,person,
17567,1,2,0.5833333333333334,0.9666666666666667,7-BCU,person; toothbrush,
17765,3,4,0.1,0.90625,3-MLS,handbag; person; potted plant,
17930,1,1,0.3541666666666667,0.9,6-CU,person; tie,
18338,4,5,0.1,0.9020833333333333,3-MLS,person; potted plant,
18790,2,1,0.3416666666666667,0.9104166666666667,6-CU,book; person; tie,
18950,4,4,0.11041666666666666,0.9229166666666667,3-MLS,handbag; person,
19378,0,1,0.0,0.8708333333333333,1-VLS,book; chair; person,
19812,0,1,0.0,0.5375,1-VLS,person,
20181,0,1,0.0,0.9895833333333334,1-VLS,book; person; tie,
20530,0,0,0.0,0.0,1-VLS,person,
20713,1,2,0.5708333333333333,0.99375,7-BCU,person; tie,
20926,0,1,0.0,0.5375,1-VLS,person,
21098,5,3,0.1875,0.8020833333333334,4-MS,person,
21271,3,2,0.0875,0.8583333333333333,3-MLS,book; chair; person,
21393,1,1,0.3375,0.9291666666666667,6-CU,book; chair; fork; person; tie,
21484,2,1,0.4625,0.8979166666666667,6-CU,person; tie,
21584,1,1,0.33541666666666664,0.89375,6-CU,book; chair; person; tie,
21681,2,1,0.48125,0.9166666666666666,6-CU,person; tie,
21763,1,1,0.32083333333333336,0.9479166666666666,6-CU,book; chair; person; tie,
21827,2,1,0.4395833333333333,0.89375,6-CU,person; tie,
21904,1,1,0.3020833333333333,0.9875,6-CU,car; person; tie,
22016,2,2,0.4791666666666667,0.8916666666666667,6-CU,person,
22125,1,1,0.3458333333333333,0.93125,6-CU,person; tie,
22197,0,0,0.0,0.0,1-VLS,clock; person,
22280,4,2,0.09375,0.6333333333333333,3-MLS,person,
22543,3,2,0.49166666666666664,0.9854166666666667,6-CU,cup; person; tie,
22808,0,0,0.0,0.0,1-VLS,person,
22893,3,2,0.4875,0.98125,6-CU,cup; person; tie,
23025,0,0,0.0,0.0,1-VLS,person,
23197,1,1,0.5166666666666667,0.9833333333333333,7-BCU,baseball glove; cup; person; tie,
23321,0,0,0.0,0.0,1-VLS,person,
23409,2,2,0.51875,0.9770833333333333,7-BCU,person; tie,
23506,0,0,0.0,0.0,1-VLS,,
23767,1,1,0.45208333333333334,0.9875,6-CU,person,
24027,0,1,0.0,0.5375,1-VLS,person,
24176,0,0,0.0,0.0,1-VLS,book,
24534,0,1,0.0,0.98125,1-VLS,person; tie,
24885,0,0,0.0,0.0,1-VLS,scissors,
25477,2,2,0.51875,0.9833333333333333,7-BCU,person; tie,
26036,0,1,0.0,0.7291666666666666,1-VLS,person,
26143,3,2,0.17916666666666667,0.8958333333333334,4-MS,book; chair; person; remote; tie,
26228,1,1,0.23125,0.6916666666666667,5-MCU,book; chair; keyboard; person; tie,
26339,2,2,0.175,0.8895833333333333,4-MS,book; chair; person; remote; tie,
26447,1,1,0.22708333333333333,0.68125,5-MCU,book; chair; person; tie,
26743,2,2,0.15208333333333332,0.9145833333333333,4-MS,book; cell phone; chair; person; tie,
27029,1,1,0.23541666666666666,0.6833333333333333,5-MCU,book; chair; person,
27171,3,2,0.16875,0.9125,4-MS,book; chair; person; tie,
27334,1,1,0.20208333333333334,0.6916666666666667,5-MCU,book; chair; person; tie,
27430,2,2,0.13958333333333334,0.7916666666666666,3-MLS,book; chair; person; tie,
27547,1,1,0.24375,0.7041666666666667,5-MCU,book; chair; person; tie,
27679,1,1,0.3020833333333333,0.8520833333333333,6-CU,person; tie,
27839,1,1,0.275,0.8375,5-MCU,book; person; tie,
27966,1,1,0.5875,0.9666666666666667,7-BCU,person; tv,
28032,0,1,0.0,0.7895833333333333,1-VLS,book; person,
28227,1,1,0.12708333333333333,0.8416666666666667,3-MLS,person,
28441,1,1,0.225,0.8708333333333333,5-MCU,chair; person; tie,
28648,1,2,0.23541666666666666,0.9041666666666667,5-MCU,person; tie,
28879,1,2,0.22291666666666668,0.89375,5-MCU,book; person; suitcase; tie,
29296,3,4,0.14375,0.7166666666666667,3-MLS,person,
29664,1,2,0.14375,0.41041666666666665,3-MLS,person,
29722,3,1,0.09166666666666666,0.38333333333333336,3-MLS,person; potted plant,
29839,1,2,0.125,0.45,3-MLS,chair; person,
29986,2,1,0.25416666666666665,0.8,5-MCU,book; chair; cup; person,
30111,4,2,0.1375,0.9354166666666667,3-MLS,person; tv,
30209,2,2,0.07916666666666666,0.71875,3-MLS,book; cup; person,
30285,1,0,0.0625,0.0,3-MLS,car; person; tie,
30362,1,0,0.22916666666666666,0.0,5-MCU,person,
30482,1,2,0.23125,0.83125,5-MCU,book; person; tie,
30580,1,1,0.4479166666666667,0.98125,6-CU,person,
30667,5,3,0.12916666666666668,0.9395833333333333,3-MLS,person; potted plant,
30800,1,1,0.4166666666666667,0.9520833333333333,6-CU,person,
30897,2,3,0.12708333333333333,0.8333333333333334,3-MLS,person,
31151,4,4,0.2708333333333333,0.8895833333333333,5-MCU,person; tie,
31427,1,1,0.3,0.8875,5-MCU,book; person,
31512,1,1,0.39166666666666666,0.9125,6-CU,person; tie,
31560,2,1,0.31666666666666665,0.8875,6-CU,book; person,
31600,1,1,0.3875,0.9458333333333333,6-CU,person; tie,
31662,1,1,0.35833333333333334,0.9854166666666667,6-CU,book; person; tie,
31734,1,1,0.42083333333333334,0.9458333333333333,6-CU,person; tie,
31779,1,1,0.36875,0.9291666666666667,6-CU,book; person; tie,
31993,4,4,0.11458333333333333,0.8708333333333333,3-MLS,chair; person,
32248,1,1,0.35208333333333336,0.9125,6-CU,person; tie,
32492,1,1,0.34375,0.8645833333333334,6-CU,book; person; tie,
32711,1,1,0.3854166666666667,0.9583333333333334,6-CU,person; tie,
32785,1,1,0.3416666666666667,0.85625,6-CU,book; chair; cup; person; tie,
32902,1,0,0.04791666666666667,0.0,2-LS,person,
32998,1,1,0.3645833333333333,0.8604166666666667,6-CU,book; chair; cup; person; tie,
33109,2,2,0.41041666666666665,0.9229166666666667,6-CU,person,
33264,2,4,0.14791666666666667,0.6166666666666667,3-MLS,chair; person; tie,
33354,1,4,0.058333333333333334,0.6979166666666666,3-MLS,chair; person,
33425,1,1,0.35833333333333334,0.9166666666666666,6-CU,person; tie,
33555,1,1,0.05,0.15416666666666667,2-LS,chair; person,
33690,2,2,0.04375,0.47708333333333336,2-LS,chair; cup; person; umbrella; wine glass,
33785,1,1,0.2625,0.8708333333333333,5-MCU,person; wine glass,
33885,1,1,0.2708333333333333,0.9083333333333333,5-MCU,person; tie; wine glass,
34090,2,2,0.18541666666666667,0.8208333333333333,4-MS,cup; dining table; person; wine glass,
34312,1,1,0.23958333333333334,0.8875,5-MCU,person; wine glass,
34465,1,1,0.29791666666666666,0.9354166666666667,5-MCU,person; tie; wine glass,
34610,1,1,0.2375,0.8645833333333334,5-MCU,chair; person; wine glass,
34722,1,1,0.2916666666666667,0.9229166666666667,5-MCU,person; tie; wine glass,
34824,1,1,0.2625,0.8854166666666666,5-MCU,person; wine glass,
34950,1,1,0.28541666666666665,0.9166666666666666,5-MCU,person; tie; wine glass,
35097,1,1,0.24375,0.8625,5-MCU,person; wine glass,
35230,1,1,0.275,0.925,5-MCU,person; tie; wine glass,
35338,1,1,0.25625,0.8604166666666667,5-MCU,person; wine glass,
35435,1,1,0.26875,0.95625,5-MCU,person; tie; wine glass,
35636,1,1,0.25833333333333336,0.875,5-MCU,person; wine glass,
36710,2,1,0.28541666666666665,0.8895833333333333,5-MCU,person; tie,
38156,2,3,0.15416666666666667,0.55,4-MS,book; person; suitcase; tie,
38790,1,1,0.2,0.8833333333333333,4-MS,chair; person,
38950,1,1,0.27708333333333335,0.8958333333333334,5-MCU,person; tie,
39059,1,1,0.18333333333333332,0.7854166666666667,4-MS,chair; person,
39181,2,1,0.25833333333333336,0.8875,5-MCU,person; tie,
39386,2,1,0.24583333333333332,0.9270833333333334,5-MCU,book; chair; person,
39895,2,5,0.11666666666666667,0.5625,3-MLS,book; person; tie,
40293,2,3,0.26875,0.9229166666666667,5-MCU,person; tie,
40402,1,1,0.19166666666666668,0.8708333333333333,4-MS,person; tie,
40515,1,3,0.21875,0.89375,5-MCU,person,
40617,2,1,0.23333333333333334,0.9104166666666667,5-MCU,chair; person,
40806,1,3,0.14166666666666666,0.7645833333333333,3-MLS,book; person,
41036,1,1,0.2708333333333333,0.8833333333333333,5-MCU,person,
41277,0,2,0.0,0.32708333333333334,1-VLS,chair; laptop; person,
41499,0,3,0.0,0.6416666666666667,1-VLS,person,
41726,0,2,0.0,0.68125,1-VLS,person,
41957,2,1,0.42291666666666666,0.8895833333333333,6-CU,person; tie,
42117,3,2,0.11041666666666666,0.7916666666666666,3-MLS,person,
42261,0,1,0.0,0.34375,1-VLS,person,
42492,1,1,0.3625,0.9020833333333333,6-CU,person; tie,
42683,0,0,0.0,0.0,1-VLS,bed,
43292,1,0,0.43333333333333335,0.0,6-CU,,
43905,0,0,0.0,0.0,1-VLS,,
44137,0,3,0.0,0.5104166666666666,1-VLS,person,
44619,2,3,0.2375,0.9541666666666667,5-MCU,chair; keyboard; person,
45384,0,1,0.0,0.9270833333333334,1-VLS,car; person,
45915,1,2,0.41041666666666665,0.9333333333333333,6-CU,person; tie,
46010,2,2,0.35,0.9520833333333333,6-CU,chair; person; tie,
46136,3,3,0.2125,0.85,5-MCU,clock; couch; person,
46299,1,4,0.38125,0.95,6-CU,chair; person; tie,
46437,1,2,0.4354166666666667,0.9291666666666667,6-CU,chair; person; tie,
46515,1,3,0.2604166666666667,0.8291666666666667,5-MCU,person,
46562,1,2,0.30833333333333335,0.8479166666666667,6-CU,chair; person,
46652,2,3,0.20833333333333334,0.8354166666666667,5-MCU,person,
47017,5,5,0.11666666666666667,0.4979166666666667,3-MLS,book; person; tie,
47338,1,2,0.25416666666666665,0.8416666666666667,5-MCU,person,
47379,1,1,0.35833333333333334,0.9333333333333333,6-CU,person; tie,
47422,1,2,0.41875,0.9333333333333333,6-CU,chair; person; tie,
47472,2,1,0.26875,0.2604166666666667,5-MCU,person,
47531,1,2,0.425,0.9395833333333333,6-CU,person; tie,
47613,3,2,0.25416666666666665,0.8,5-MCU,person,
47891,3,3,0.08333333333333333,0.45,3-MLS,chair; laptop; person; tie,
48823,1,1,0.075,0.975,3-MLS,person,
49587,1,0,0.05625,0.0,3-MLS,book; person,
50085,1,1,0.15833333333333333,0.5791666666666667,4-MS,cup; person; tv,
50642,0,0,0.0,0.0,1-VLS,,
50836,0,0,0.0,0.0,1-VLS,,
51161,1,0,0.30416666666666664,0.0,6-CU,,
51974,0,0,0.0,0.0,1-VLS,car,
52650,0,0,0.0,0.0,1-VLS,car,
53024,0,0,0.0,0.0,1-VLS,,
53454,0,0,0.0,0.0,1-VLS,,
53731,0,1,0.0,0.6354166666666666,1-VLS,car; person,
53891,0,0,0.0,0.0,1-VLS,,
54032,0,0,0.0,0.0,1-VLS,car; person,
54139,1,1,0.4666666666666667,0.8875,6-CU,person,
54323,0,1,0.0,0.7125,1-VLS,person,
54594,1,1,0.4666666666666667,0.9125,6-CU,person; tie,
54824,0,1,0.0,0.9291666666666667,1-VLS,person; tie,
55078,1,1,0.4625,0.925,6-CU,person,
55351,0,1,0.0,0.93125,1-VLS,person,
55624,1,1,0.49375,0.9458333333333333,6-CU,person,
55807,0,1,0.0,0.93125,1-VLS,person,
55941,1,1,0.42916666666666664,0.9145833333333333,6-CU,person,
56058,0,1,0.0,0.9333333333333333,1-VLS,person,
56331,1,1,0.4625,0.9020833333333333,6-CU,person,
56827,0,1,0.0,0.9354166666666667,1-VLS,person,
57353,1,1,0.4375,0.9229166666666667,6-CU,person,
57799,0,0,0.0,0.0,1-VLS,dog; person,
58172,1,1,0.4895833333333333,0.9291666666666667,6-CU,person,
58385,1,1,0.39166666666666666,0.9354166666666667,6-CU,person,
58435,1,1,0.43125,0.90625,6-CU,person,
58579,0,1,0.0,0.9479166666666666,1-VLS,person,
58744,1,1,0.4125,0.9083333333333333,6-CU,person,
58849,1,1,0.3625,0.925,6-CU,person,
58951,0,0,0.0,0.0,1-VLS,,
59014,0,0,0.0,0.0,1-VLS,,
59075,2,1,0.07083333333333333,0.8541666666666666,3-MLS,chair; person,
59424,0,0,0.0,0.0,1-VLS,book; person,
59829,3,2,0.17291666666666666,0.9125,4-MS,chair; cup; person,
60311,2,2,0.15833333333333333,0.8854166666666666,4-MS,bench; bottle; person; tie,
61098,1,0,0.052083333333333336,0.0,3-MLS,chair; person,
61565,0,1,0.0,0.925,1-VLS,person,
61667,2,1,0.2604166666666667,0.9145833333333333,5-MCU,chair; person; tie,
63078,0,1,0.0,0.94375,1-VLS,chair; person,
64504,0,0,0.0,0.0,1-VLS,,
64682,1,1,0.275,0.88125,5-MCU,person; tie,
64856,1,1,0.2791666666666667,0.8979166666666667,5-MCU,person; tie,
64974,2,1,0.2875,0.85625,5-MCU,person,
65116,0,0,0.0,0.0,1-VLS,person,
65226,1,1,0.24791666666666667,0.9041666666666667,5-MCU,person; tie,
65341,1,1,0.3854166666666667,0.9166666666666666,6-CU,person; tie,
65465,1,1,0.24583333333333332,0.8854166666666666,5-MCU,person; tie,
65527,1,1,0.23958333333333334,0.8916666666666667,5-MCU,person,
65625,1,1,0.38958333333333334,0.9166666666666666,6-CU,person; tie,
65734,2,1,0.23958333333333334,0.9125,5-MCU,person,
65801,1,1,0.375,0.9208333333333333,6-CU,person; tie,
65880,1,1,0.225,0.8854166666666666,5-MCU,person,
65959,1,1,0.35208333333333336,0.9166666666666666,6-CU,person; tie,
66072,1,1,0.26666666666666666,0.9,5-MCU,person; tie,
66168,2,1,0.38125,0.8770833333333333,6-CU,person; tie,
66246,1,1,0.24166666666666667,0.8666666666666667,5-MCU,person,
66406,1,1,0.31875,0.8604166666666667,6-CU,person; tie,
66539,1,1,0.3145833333333333,0.9270833333333334,6-CU,person; tie,
66594,1,1,0.20416666666666666,0.9020833333333333,5-MCU,person,
66660,1,1,0.3,0.8854166666666666,5-MCU,person; tie,
66742,1,1,0.20208333333333334,0.9020833333333333,5-MCU,person,
66807,0,0,0.0,0.0,1-VLS,,
67020,0,1,0.0,0.3375,1-VLS,person,
67255,0,0,0.0,0.0,1-VLS,,
67477,1,1,0.2375,0.9,5-MCU,person,
67674,0,0,0.0,0.0,1-VLS,airplane; clock,
67779,1,1,0.20416666666666666,0.8708333333333333,5-MCU,book; chair; person; tie,
67922,0,1,0.0,0.9041666666666667,1-VLS,book; person,
68154,0,2,0.0,0.825,1-VLS,book; person,
68426,0,0,0.0,0.0,1-VLS,,
68604,0,1,0.0,0.8395833333333333,1-VLS,book; person,
68694,2,1,0.18541666666666667,0.85625,4-MS,book; person,
68827,1,1,0.19375,0.81875,4-MS,keyboard; person; tie,
68983,0,0,0.0,0.0,1-VLS,,
73381,1,1,0.44375,0.9958333333333333,6-CU,person,
77819,1,0,0.225,0.0,5-MCU,book; tv,
77966,0,0,0.0,0.0,1-VLS,book,
78150,6,5,0.1625,0.6729166666666667,4-MS,book; cup; person; tie,
78300,1,1,0.4708333333333333,0.9291666666666667,6-CU,person,
78366,2,1,0.50625,0.9145833333333333,7-BCU,person; tie,
78477,1,1,0.4270833333333333,0.9520833333333333,6-CU,book; person; tie,
78590,3,1,0.47291666666666665,0.9354166666666667,6-CU,cup; person,
78653,1,1,0.49375,0.9125,6-CU,person; tie,
78729,1,1,0.4666666666666667,0.9666666666666667,6-CU,person; tie,
78797,1,1,0.46458333333333335,0.9541666666666667,6-CU,person; tie,
78836,3,3,0.49375,0.8875,6-CU,cup; person; tie,
78874,1,1,0.3104166666666667,0.91875,6-CU,cup; person,
78934,1,1,0.49375,0.9166666666666666,6-CU,person; tie,
79011,1,1,0.4354166666666667,0.9416666666666667,6-CU,person; tie,
79067,1,1,0.5666666666666667,0.9145833333333333,7-BCU,person; tie,
79437,6,5,0.14791666666666667,0.71875,3-MLS,book; chair; cup; person,
79841,2,2,0.45625,0.9354166666666667,6-CU,person; tie,
79931,1,1,0.5208333333333334,0.9354166666666667,7-BCU,person; tie,
80035,2,2,0.50625,0.9291666666666667,7-BCU,cup; person; tie,
80128,2,1,0.5270833333333333,0.9,7-BCU,cup; person,
80182,1,1,0.6,0.8770833333333333,7-BCU,person,
80280,2,2,0.49166666666666664,0.975,6-CU,cup; person; tie,
80372,1,1,0.4375,0.9020833333333333,6-CU,person; tie,
80422,1,1,0.44166666666666665,0.925,6-CU,person; tie,
80471,1,2,0.15416666666666667,0.9916666666666667,4-MS,cup; person; tie,
80543,3,2,0.5104166666666666,0.84375,7-BCU,cup; person; tie,
80646,1,1,0.41041666666666665,0.9208333333333333,6-CU,person; tie,
80734,1,1,0.4791666666666667,0.9375,6-CU,person,
80790,0,1,0.0,0.9666666666666667,1-VLS,clock; person; tie,
80856,1,1,0.4395833333333333,0.9875,6-CU,person; tie,
80917,1,1,0.4979166666666667,0.9145833333333333,6-CU,person,
81017,2,1,0.4791666666666667,0.8916666666666667,6-CU,cup; person,
81114,1,1,0.475,0.9354166666666667,6-CU,person; tie,
81168,2,2,0.5083333333333333,0.9291666666666667,7-BCU,bowl; cup; person; tie,
81223,2,2,0.5270833333333333,0.8875,7-BCU,cup; person,
81267,1,1,0.50625,0.9041666666666667,7-BCU,person; tie,
81331,2,2,0.5520833333333334,0.9375,7-BCU,bowl; cup; person; tie,
81420,1,1,0.5083333333333333,0.9333333333333333,7-BCU,person; tie,
81937,5,4,0.14166666666666666,0.6875,3-MLS,book; chair; cup; person,
82446,1,1,0.4583333333333333,0.94375,6-CU,person; tie,
82537,1,1,0.45416666666666666,0.8979166666666667,6-CU,person; tie,
82814,4,3,0.21666666666666667,0.7333333333333333,5-MCU,book; chair; cup; person,
83085,2,1,0.15416666666666667,0.3958333333333333,4-MS,chair; cup; dining table; person; tie,
83256,1,1,0.11666666666666667,0.375,3-MLS,book; chair; cup; person; tie,
83491,2,2,0.125,0.38333333333333336,3-MLS,chair; cup; person; tie,
83712,1,1,0.26875,0.88125,5-MCU,person; tie,
83892,2,2,0.12708333333333333,0.37916666666666665,3-MLS,chair; cup; person; tie,
84007,1,1,0.2625,0.8708333333333333,5-MCU,person; tie,
84100,2,2,0.14166666666666666,0.38125,3-MLS,chair; cup; person; tie,
84522,3,2,0.1375,0.90625,3-MLS,person,
85102,2,3,0.11875,0.8645833333333334,3-MLS,book; chair; person,
85386,2,3,0.16041666666666668,0.8916666666666667,4-MS,book; person; tie,
85496,3,0,0.11666666666666667,0.0,3-MLS,book; chair; person; tie,
85667,2,2,0.17916666666666667,0.8395833333333333,4-MS,book; person; tie; tv,
85848,2,0,0.23333333333333334,0.0,5-MCU,book; cup; person,
85984,2,2,0.18125,0.825,4-MS,book; couch; person; tie; tv,
86127,1,0,0.24166666666666667,0.0,5-MCU,book; person,
86229,3,2,0.17916666666666667,0.8208333333333333,4-MS,couch; person; tv,
86311,1,1,0.22083333333333333,0.7520833333333333,5-MCU,book; bowl; chair; person; tie,
86376,1,2,0.23958333333333334,0.9145833333333333,5-MCU,chair; person; tie,
86485,1,0,0.24166666666666667,0.0,5-MCU,book; person,
86636,2,3,0.20416666666666666,0.9,5-MCU,chair; person; tie,
86763,2,2,0.14583333333333334,0.85,3-MLS,book; couch; person; remote; tie; tv,
86865,0,1,0.0,0.8916666666666667,1-VLS,book; person; refrigerator,
86950,1,1,0.24583333333333332,0.9208333333333333,5-MCU,book; microwave; person; tie; tv,
87102,1,1,0.2625,0.7895833333333333,5-MCU,book; cup; person,
87265,1,1,0.31875,0.8625,6-CU,person; tie; tv,
87348,1,1,0.26458333333333334,0.9229166666666667,5-MCU,book; keyboard; person; tie,
87430,1,1,0.23125,0.7333333333333333,5-MCU,book; cup; person; tie,
87487,1,1,0.33125,0.9041666666666667,6-CU,person; tie; tv,
87526,1,1,0.25833333333333336,0.9,5-MCU,book; person; tie,
87582,1,1,0.22916666666666666,0.7166666666666667,5-MCU,book; cup; person; tie,
87695,0,1,0.0,0.7958333333333333,1-VLS,chair; person,
88087,1,2,0.21666666666666667,0.9,5-MCU,person; tie,
88525,1,1,0.27708333333333335,0.7958333333333333,5-MCU,person; tie,
88829,2,3,0.04791666666666667,0.9833333333333333,2-LS,person,
89066,3,2,0.2833333333333333,0.9395833333333333,5-MCU,chair; person; tie,
89153,2,3,0.27708333333333335,0.9145833333333333,5-MCU,chair; person,
89214,2,3,0.2833333333333333,0.9270833333333334,5-MCU,person; tie,
89262,2,2,0.2875,0.8895833333333333,5-MCU,person,
89317,2,3,0.26875,0.9104166666666667,5-MCU,chair; person; tie,
89418,2,2,0.325,0.9208333333333333,6-CU,chair; person,
89518,3,2,0.2916666666666667,0.9125,5-MCU,chair; person; tie,
89722,1,1,0.33541666666666664,0.9291666666666667,6-CU,cell phone; chair; person,
89982,3,2,0.28958333333333336,0.9541666666666667,5-MCU,chair; person; tie,
90137,2,3,0.32708333333333334,0.9041666666666667,6-CU,chair; person,
90252,2,2,0.2875,0.91875,5-MCU,bottle; chair; person; tie,
90338,1,1,0.33125,0.90625,6-CU,book; chair; person,
90453,1,2,0.26458333333333334,0.9895833333333334,5-MCU,chair; person; tie,
90583,1,1,0.32083333333333336,0.89375,6-CU,person,
90684,1,1,0.09166666666666666,0.7604166666666666,3-MLS,person,
90795,2,4,0.0875,0.7208333333333333,3-MLS,chair; person,
91175,2,2,0.17916666666666667,0.7958333333333333,4-MS,book; chair; cup; person,
91575,1,1,0.1,0.2625,3-MLS,person,
91685,1,0,0.10208333333333333,0.0,3-MLS,book; person; tv,
91733,0,0,0.0,0.0,1-VLS,,
91801,3,2,0.13333333333333333,0.9104166666666667,3-MLS,person,
91903,0,0,0.0,0.0,1-VLS,book,
92125,0,0,0.0,0.0,1-VLS,book; scissors,
92363,0,0,0.0,0.0,1-VLS,,
92701,1,0,0.08125,0.0,3-MLS,car; truck,
93059,0,0,0.0,0.0,1-VLS,car; person,
93306,1,3,0.175,0.9833333333333333,4-MS,person; tie,
93530,1,1,0.3125,0.95625,6-CU,person,
93624,2,2,0.24375,0.9041666666666667,5-MCU,person; tie,
93705,1,1,0.28958333333333336,0.9104166666666667,5-MCU,person,
93855,2,2,0.26666666666666666,0.86875,5-MCU,person; tie,
94019,1,1,0.2916666666666667,0.9020833333333333,5-MCU,person,
94176,2,2,0.25833333333333336,0.875,5-MCU,person; tie,
94299,1,1,0.27708333333333335,0.90625,5-MCU,person,
94350,2,2,0.24791666666666667,0.875,5-MCU,person; tie,
94448,1,1,0.2875,0.9291666666666667,5-MCU,person,
94597,2,2,0.24583333333333332,0.88125,5-MCU,person; tie,
94707,1,1,0.2833333333333333,0.86875,5-MCU,person,
94768,2,2,0.22916666666666666,0.86875,5-MCU,person; tie,
94856,1,1,0.25833333333333336,0.9125,5-MCU,person,
95484,2,0,0.3416666666666667,0.0,6-CU,person,
96066,0,0,0.0,0.0,1-VLS,,
96111,2,1,0.24375,0.8541666666666666,5-MCU,person; tie,
96169,1,1,0.2875,0.9291666666666667,5-MCU,person,
96240,2,2,0.24583333333333332,0.8729166666666667,5-MCU,person; tie,
96363,1,1,0.26666666666666666,0.9166666666666666,5-MCU,person,
96507,2,1,0.25416666666666665,0.8770833333333333,5-MCU,person; tie,
96597,1,0,0.25,0.0,5-MCU,person,
96652,0,0,0.0,0.0,1-VLS,,
96756,0,0,0.0,0.0,1-VLS,car,
97268,2,2,0.3229166666666667,0.8270833333333333,6-CU,person,
97740,1,0,0.06666666666666667,0.0,3-MLS,person,
97816,0,0,0.0,0.0,1-VLS,book; person,
97883,0,0,0.0,0.0,1-VLS,car; truck,
97967,0,0,0.0,0.0,1-VLS,,
98039,0,2,0.0,0.44375,1-VLS,car; person,
98094,0,2,0.0,0.8145833333333333,1-VLS,handbag; person,
98254,0,0,0.0,0.0,1-VLS,car,
98399,1,1,0.3875,0.9145833333333333,6-CU,person,
98468,2,1,0.3375,0.7166666666666667,6-CU,person; tie,
98583,1,1,0.3875,0.9375,6-CU,person,
98677,2,2,0.3416666666666667,0.9354166666666667,6-CU,person; tie,
98854,1,1,0.40208333333333335,0.9416666666666667,6-CU,person,
99071,2,2,0.32708333333333334,0.9166666666666666,6-CU,person; tie,
99188,2,1,0.44166666666666665,0.9,6-CU,person,
99267,2,2,0.3375,0.89375,6-CU,person; tie,
99326,1,1,0.4625,0.9145833333333333,6-CU,person,
99438,2,2,0.3458333333333333,0.9104166666666667,6-CU,person; tie,
99556,1,1,0.4375,0.9020833333333333,6-CU,person,
99635,2,2,0.3333333333333333,0.925,6-CU,person; tie,
100227,4,2,0.11875,0.78125,3-MLS,chair; cup; person; potted plant; tie,
101021,3,2,0.09791666666666667,0.70625,3-MLS,chair; cup; person; tie,
101329,1,1,0.125,0.96875,3-MLS,chair; person,
101432,0,0,0.0,0.0,1-VLS,book,
102183,2,0,0.06041666666666667,0.0,3-MLS,,
102954,1,1,0.3145833333333333,0.9104166666666667,6-CU,person; tie,
103082,4,3,0.1375,0.9395833333333333,3-MLS,chair; cup; person; tie,
103263,1,1,0.27708333333333335,0.8979166666666667,5-MCU,person; tie,
103400,4,2,0.14166666666666666,0.7625,3-MLS,chair; cup; person; tie,
103481,1,1,0.29375,0.9083333333333333,5-MCU,chair; person; tie,
103567,3,2,0.13125,0.7708333333333334,3-MLS,chair; laptop; person,
103698,1,2,0.29375,0.90625,5-MCU,car; chair; person; tie,
103849,4,2,0.1,0.6291666666666667,3-MLS,chair; person,
104029,0,0,0.0,0.0,1-VLS,person; tv,
104211,2,1,0.41875,0.975,6-CU,person; tie,
104336,1,2,0.06666666666666667,0.22291666666666668,3-MLS,person; tv,
104508,0,0,0.0,0.0,1-VLS,laptop,
105073,1,1,0.10416666666666667,0.15833333333333333,3-MLS,cell phone; chair; person; tv,
105578,1,3,0.26458333333333334,0.9291666666666667,5-MCU,person; tie; tv,
105861,0,0,0.0,0.0,1-VLS,,
106195,0,0,0.0,0.0,1-VLS,,
106380,0,0,0.0,0.0,1-VLS,person,
106654,1,1,0.4791666666666667,0.8625,6-CU,person; tie,
106992,2,2,0.25416666666666665,0.9791666666666666,5-MCU,person,
107256,2,0,0.12083333333333333,0.0,3-MLS,,
107463,1,1,0.25625,0.9229166666666667,5-MCU,person,
107659,1,1,0.2916666666666667,0.90625,5-MCU,person; tie,
107831,1,1,0.22708333333333333,0.90625,5-MCU,person,
107962,1,1,0.30833333333333335,0.9020833333333333,6-CU,person; tie,
108078,1,1,0.23958333333333334,0.9,5-MCU,person,
108287,1,1,0.20833333333333334,0.925,5-MCU,person; tie,
108474,0,0,0.0,0.0,1-VLS,,
108571,0,0,0.0,0.0,1-VLS,,
108764,1,0,0.07916666666666666,0.0,3-MLS,person,
108927,1,1,0.32083333333333336,0.8875,6-CU,person,
109012,1,1,0.19166666666666668,0.8645833333333334,4-MS,person,
109138,1,1,0.31666666666666665,0.9166666666666666,6-CU,couch; person,
109277,1,1,0.18541666666666667,0.8729166666666667,4-MS,person,
109462,1,1,0.3229166666666667,0.9854166666666667,6-CU,cup; person,
109634,1,1,0.3125,0.9020833333333333,6-CU,person,
109863,2,1,0.3541666666666667,0.95625,6-CU,person; tie,
110264,1,1,0.3145833333333333,0.8958333333333334,6-CU,person,
110581,2,1,0.3104166666666667,0.9291666666666667,6-CU,person,
110922,1,1,0.30833333333333335,0.9,6-CU,person,
111365,1,1,0.32708333333333334,0.91875,6-CU,person; tie,
111710,1,1,0.30625,0.9083333333333333,6-CU,person,
111999,1,1,0.3104166666666667,0.9041666666666667,6-CU,person,
112266,1,1,0.3145833333333333,0.9041666666666667,6-CU,person,
112420,1,1,0.35,0.9375,6-CU,person,
112493,1,1,0.25625,0.85,5-MCU,person,
112779,2,1,0.325,0.90625,6-CU,couch; person; tie,
113145,1,1,0.2604166666666667,0.8979166666666667,5-MCU,person,
113371,2,1,0.2916666666666667,0.86875,5-MCU,person; tie,
113748,1,1,0.3125,0.89375,6-CU,person,
114180,1,1,0.3375,0.9229166666666667,6-CU,couch; person; tie,
114489,0,1,0.0,0.8520833333333333,1-VLS,person,
114740,1,1,0.3145833333333333,0.8958333333333334,6-CU,person; tie,
114872,1,1,0.3145833333333333,0.91875,6-CU,person,
115004,2,1,0.32916666666666666,0.8958333333333334,6-CU,person; tie,
115321,1,1,0.33541666666666664,0.8958333333333334,6-CU,person,
115658,1,1,0.32708333333333334,0.9166666666666666,6-CU,person; tie,
115856,1,1,0.30833333333333335,0.8958333333333334,6-CU,person,
116070,1,1,0.325,0.91875,6-CU,cup; person; tie,
116280,1,1,0.29791666666666666,0.9,5-MCU,person,
116414,1,1,0.31875,0.9208333333333333,6-CU,person; tie,
116592,1,1,0.32916666666666666,0.9125,6-CU,person,
116831,0,0,0.0,0.0,1-VLS,couch; person; tv,
117206,2,2,0.14166666666666666,0.8145833333333333,3-MLS,person,
117820,0,2,0.0,0.75,1-VLS,person,
118482,1,2,0.14791666666666667,0.7854166666666667,3-MLS,bowl; person; tv,
119350,0,2,0.0,0.7729166666666667,1-VLS,person,
119936,1,1,0.15625,0.6208333333333333,4-MS,bowl; microwave; person; tv,
120019,1,1,0.24791666666666667,0.8458333333333333,5-MCU,person,
120165,1,1,0.15,0.675,3-MLS,microwave; mouse; person; tv,
120288,1,1,0.25,0.90625,5-MCU,person; tv,
120363,1,1,0.15833333333333333,0.6354166666666666,4-MS,microwave; person; tv,
120425,1,1,0.15416666666666667,0.8833333333333333,4-MS,person; tv,
120494,1,1,0.15416666666666667,0.5979166666666667,4-MS,bowl; laptop; person; tv,
120571,1,1,0.16458333333333333,0.6166666666666667,4-MS,microwave; person; tv,
120618,1,1,0.15833333333333333,0.8791666666666667,4-MS,person,
120660,0,1,0.0,0.6208333333333333,1-VLS,person; tv,
120740,1,1,0.13958333333333334,0.8354166666666667,3-MLS,laptop; person,
120838,1,1,0.15208333333333332,0.6541666666666667,4-MS,bowl; person; suitcase; tv,
120897,1,1,0.23125,0.8708333333333333,5-MCU,person,
120937,2,1,0.15416666666666667,0.5916666666666667,4-MS,chair; person; tv,
121039,1,1,0.23333333333333334,0.79375,5-MCU,person,
121177,2,1,0.15833333333333333,0.6208333333333333,4-MS,bowl; person; suitcase; tv,
121319,2,1,0.22291666666666668,0.9020833333333333,5-MCU,person,
121463,1,1,0.15,0.675,3-MLS,bowl; person; tv,
121553,1,1,0.20416666666666666,0.9,5-MCU,person,
121597,0,1,0.0,0.7979166666666667,1-VLS,person,
121639,1,1,0.225,0.81875,5-MCU,person,
121791,1,1,0.2,0.9729166666666667,4-MS,person,
121938,1,0,0.25,0.0,5-MCU,person,
121984,1,1,0.18541666666666667,0.9479166666666666,4-MS,person,
122045,0,0,0.0,0.0,1-VLS,person,
122134,1,1,0.20833333333333334,0.9104166666666667,5-MCU,person,
122250,1,1,0.21875,0.9208333333333333,5-MCU,person,
122340,0,0,0.0,0.0,1-VLS,book; person,
122421,0,1,0.0,0.45208333333333334,1-VLS,chair; person; vase,
122541,2,0,0.09375,0.0,3-MLS,cup; person; vase,
122630,2,1,0.22708333333333333,0.4895833333333333,5-MCU,person; vase,
122689,2,2,0.13541666666666666,0.475,3-MLS,cup; person; vase,
123017,1,3,0.10625,0.9229166666666667,3-MLS,person; vase,
123336,2,2,0.32708333333333334,0.9166666666666666,6-CU,person; tie,
123440,1,1,0.3416666666666667,0.9,6-CU,person,
123637,2,2,0.32708333333333334,0.9229166666666667,6-CU,person; tie,
123806,1,1,0.33541666666666664,0.9020833333333333,6-CU,person,
123887,2,2,0.325,0.925,6-CU,person; tie,
124033,1,1,0.32083333333333336,0.8895833333333333,6-CU,person,
124194,2,2,0.3375,0.9208333333333333,6-CU,person; tie,
124355,1,1,0.33541666666666664,0.8958333333333334,6-CU,person,
124511,2,2,0.30416666666666664,0.9166666666666666,6-CU,person; tie,
124638,2,2,0.15416666666666667,0.84375,4-MS,book; cup; person,
124839,1,1,0.21666666666666667,0.47708333333333336,5-MCU,person; tie; tv,
125033,2,1,0.15833333333333333,0.6708333333333333,4-MS,book; chair; cup; person,
125470,1,1,0.8520833333333333,0.99375,1-VLS,person,
125996,0,2,0.0,0.35,1-VLS,person,
126264,2,2,0.2833333333333333,0.9895833333333334,5-MCU,person; tie,
126454,1,1,0.48333333333333334,0.8791666666666667,6-CU,person,
126654,2,2,0.28125,0.9270833333333334,5-MCU,person; tie,
126799,1,1,0.45208333333333334,0.9270833333333334,6-CU,person,
126945,2,2,0.3020833333333333,0.9854166666666667,6-CU,person; tie,
127234,2,0,0.17083333333333334,0.0,4-MS,person,
127449,1,1,0.17291666666666666,0.8145833333333333,4-MS,bed; bowl; couch; person; tie,
127562,0,1,0.0,0.9354166666666667,1-VLS,person,
127684,1,1,0.16041666666666668,0.875,4-MS,bowl; couch; person; tie; vase,
127821,1,1,0.16041666666666668,0.8458333333333333,4-MS,person; potted plant; tie,
127979,2,2,0.1125,0.7041666666666667,3-MLS,bowl; couch; person,
128202,1,1,0.15625,0.85,4-MS,book; person; potted plant; tie,
128477,2,1,0.10625,0.70625,3-MLS,bowl; couch; person; remote; tie,
128638,1,1,0.15625,0.8479166666666667,4-MS,clock; person; potted plant; tie,
128744,2,1,0.10208333333333333,0.75625,3-MLS,book; bowl; couch; person,
128892,1,1,0.15416666666666667,0.84375,4-MS,chair; person; potted plant; tie,
129130,2,1,0.09791666666666667,0.71875,3-MLS,bowl; couch; person; tie,
129359,1,1,0.15416666666666667,0.8416666666666667,4-MS,clock; person; potted plant; tie,
129540,2,2,0.10208333333333333,0.7541666666666667,3-MLS,bowl; couch; person,
129690,1,1,0.15833333333333333,0.8375,4-MS,person; potted plant; tie,
129796,2,2,0.10416666666666667,0.675,3-MLS,bowl; couch; dining table; person,
129969,1,1,0.16458333333333333,0.8375,4-MS,chair; person; potted plant; tie,
130124,2,2,0.10416666666666667,0.7416666666666667,3-MLS,bowl; couch; person; tie,
130204,1,1,0.15625,0.8354166666666667,4-MS,person; potted plant; tie,
130290,2,2,0.10208333333333333,0.7,3-MLS,book; bowl; couch; person,
130387,1,1,0.15833333333333333,0.8354166666666667,4-MS,clock; person; potted plant; tie,
130497,2,1,0.1,0.69375,3-MLS,book; bowl; couch; cup; person,
130651,1,1,0.15625,0.8270833333333333,4-MS,chair; clock; person; potted plant; tie,
130849,2,0,0.10208333333333333,0.0,3-MLS,bowl; couch; cup; person; tie,
130992,1,1,0.15833333333333333,0.8333333333333334,4-MS,chair; person; potted plant; tie,
131110,2,1,0.09583333333333334,0.5083333333333333,3-MLS,bowl; couch; cup; person; remote; tie,
131277,2,1,0.13958333333333334,0.8333333333333334,3-MLS,chair; person; potted plant; tie,
131400,1,1,0.3020833333333333,0.8729166666666667,6-CU,person; potted plant; tie,
131520,4,4,0.10833333333333334,0.75,3-MLS,book; chair; couch; cup; person; tie,
131703,2,1,0.1625,0.5479166666666667,4-MS,book; person; tie,
131949,5,3,0.09791666666666667,0.7520833333333333,3-MLS,book; chair; couch; person; tie,
132135,2,0,0.16666666666666666,0.0,4-MS,book; person; tie,
132244,2,4,0.09166666666666666,0.76875,3-MLS,book; chair; person; tie,
132353,2,0,0.17708333333333334,0.0,4-MS,book; person; tie,
132425,4,4,0.10833333333333334,0.7854166666666667,3-MLS,chair; couch; person; tie,
132538,2,1,0.1875,0.48125,4-MS,book; person,
132658,4,4,0.1125,0.7666666666666667,3-MLS,chair; cup; person; tie,
132750,3,1,0.1875,0.4895833333333333,4-MS,book; person,
132958,1,0,0.05416666666666667,0.0,3-MLS,chair; person,
134227,1,1,0.45208333333333334,0.9916666666666667,6-CU,person,
135619,2,2,0.058333333333333334,0.525,3-MLS,person,
136184,1,1,0.15833333333333333,0.8666666666666667,4-MS,person; tie,
136512,2,2,0.15,0.8729166666666667,3-MLS,cup; person; tie,
136703,1,1,0.15833333333333333,0.8708333333333333,4-MS,person; tie,
136976,2,2,0.15,0.8770833333333333,3-MLS,cup; person; tie,
137282,1,1,0.16458333333333333,0.875,4-MS,person; tie,
137561,2,2,0.13958333333333334,0.8854166666666666,3-MLS,person; tie,
137733,0,1,0.0,0.40208333333333335,1-VLS,chair; person,
137864,0,0,0.0,0.0,1-VLS,car,
137960,2,0,0.3229166666666667,0.0,6-CU,book; person,
138083,0,0,0.0,0.0,1-VLS,car,
138317,0,0,0.0,0.0,1-VLS,train,
138492,1,1,0.275,0.7875,5-MCU,person,
138586,1,0,0.15,0.0,3-MLS,book,
138738,4,1,0.18541666666666667,0.8854166666666666,4-MS,book; person; tie,
138876,0,0,0.0,0.0,1-VLS,microwave; person,
139193,4,0,0.5125,0.0,7-BCU,person,
139474,0,0,0.0,0.0,1-VLS,elephant,
139719,4,3,0.12708333333333333,0.8979166666666667,3-MLS,book; person; tie,
139999,1,6,0.027083333333333334,0.32708333333333334,2-LS,handbag; person,
140167,0,2,0.0,0.17708333333333334,1-VLS,car; person; traffic light,
140881,1,2,0.14375,0.8,3-MLS,person,
141525,1,6,0.03125,0.3333333333333333,2-LS,handbag; person,
141644,2,1,0.16875,0.8708333333333333,4-MS,person,
141913,1,0,0.06458333333333334,0.0,3-MLS,car; truck,
142629,0,0,0.0,0.0,1-VLS,,
143385,0,0,0.0,0.0,1-VLS,,
143772,0,2,0.0,0.30416666666666664,1-VLS,chair; person; potted plant,
144041,1,1,0.5041666666666667,0.925,7-BCU,person,
144316,2,1,0.14583333333333334,0.6270833333333333,3-MLS,bottle; person,
144586,1,1,0.48333333333333334,0.9333333333333333,6-CU,person,
144777,1,1,0.23125,0.9125,5-MCU,cup; person; potted plant,
145084,3,2,0.0875,0.7041666666666667,3-MLS,person; potted plant,
145342,1,1,0.275,0.86875,5-MCU,person; potted plant,
145453,1,1,0.23125,0.8729166666666667,5-MCU,cup; person; potted plant,
145599,1,1,0.2625,0.8625,5-MCU,person; tie,
145741,1,1,0.20833333333333334,0.8770833333333333,5-MCU,cup; person; potted plant,
145849,1,1,0.24583333333333332,0.8625,5-MCU,person; potted plant,
145937,1,1,0.23541666666666666,0.8895833333333333,5-MCU,cup; person; potted plant,
146050,1,1,0.2791666666666667,0.85625,5-MCU,person,
146134,1,1,0.24375,0.8604166666666667,5-MCU,person; potted plant,
146211,1,1,0.2625,0.8541666666666666,5-MCU,person; potted plant,
146348,1,1,0.24166666666666667,0.8958333333333334,5-MCU,chair; person,
146478,1,1,0.26666666666666666,0.8583333333333333,5-MCU,person; potted plant,
146651,1,1,0.20833333333333334,0.86875,5-MCU,person; potted plant; vase,
146848,1,1,0.2708333333333333,0.8645833333333334,5-MCU,person; potted plant,
146954,1,1,0.22291666666666668,0.8833333333333333,5-MCU,chair; person; potted plant,
147023,1,1,0.2520833333333333,0.86875,5-MCU,person; potted plant,
147104,1,1,0.06458333333333334,0.7895833333333333,3-MLS,chair; person; potted plant,
147214,1,1,0.2833333333333333,0.89375,5-MCU,person; potted plant; tie,
147315,1,1,0.10416666666666667,0.7916666666666666,3-MLS,chair; person; potted plant,
147411,1,1,0.2520833333333333,0.8729166666666667,5-MCU,person,
147565,0,0,0.0,0.0,1-VLS,,
147744,1,1,0.2,0.9,4-MS,cup; person,
147872,2,1,0.2625,0.88125,5-MCU,person,
147956,1,1,0.18541666666666667,0.9020833333333333,4-MS,person,
148036,2,1,0.25833333333333336,0.88125,5-MCU,person,
148128,1,1,0.21875,0.9083333333333333,5-MCU,microwave; person,
148217,2,1,0.2625,0.8729166666666667,5-MCU,person,
148289,1,1,0.26666666666666666,0.9041666666666667,5-MCU,person,
148347,2,1,0.25,0.8791666666666667,5-MCU,person,
148577,1,1,0.26875,0.8833333333333333,5-MCU,cup; person,
148866,2,1,0.24791666666666667,0.8875,5-MCU,person,
149004,1,1,0.29791666666666666,0.8958333333333334,5-MCU,person,
149089,1,1,0.25416666666666665,0.8875,5-MCU,person,
149148,1,1,0.25416666666666665,0.8708333333333333,5-MCU,cup; person,
149249,0,1,0.0,0.4583333333333333,1-VLS,car; person; truck,
149372,0,1,0.0,0.95625,1-VLS,person,
149464,0,1,0.0,0.8375,1-VLS,person,
149549,1,1,0.54375,0.9291666666666667,7-BCU,person,
149735,0,0,0.0,0.0,1-VLS,dog,
149970,1,1,0.5166666666666667,0.9333333333333333,7-BCU,person,
150122,0,0,0.0,0.0,1-VLS,person,
150285,1,1,0.49375,0.9416666666666667,6-CU,person,
150589,0,0,0.0,0.0,1-VLS,dog,
150865,1,1,0.5041666666666667,0.9145833333333333,7-BCU,person,
150967,0,0,0.0,0.0,1-VLS,dog,
151044,1,1,0.51875,0.9104166666666667,7-BCU,person,
151168,0,1,0.0,0.4479166666666667,1-VLS,person,
151353,0,1,0.0,0.9145833333333333,1-VLS,person,
151519,1,1,0.5041666666666667,0.9291666666666667,7-BCU,person,
151639,0,1,0.0,0.9104166666666667,1-VLS,person,
151732,1,1,0.5166666666666667,0.925,7-BCU,person,
151804,0,1,0.0,0.8958333333333334,1-VLS,dog; person; tie,
151921,1,1,0.4979166666666667,0.9229166666666667,6-CU,person,
152106,0,0,0.0,0.0,1-VLS,dog; person,
152396,1,1,0.5333333333333333,0.93125,7-BCU,person,
152610,0,1,0.0,0.9270833333333334,1-VLS,person,
152705,1,1,0.49375,0.91875,6-CU,person,
152885,0,1,0.0,0.9291666666666667,1-VLS,dog; person,
153081,1,1,0.475,0.9229166666666667,6-CU,person,
153195,0,1,0.0,0.93125,1-VLS,person,
153348,1,1,0.48333333333333334,0.9291666666666667,6-CU,person,
153515,0,1,0.0,0.9208333333333333,1-VLS,person,
153680,0,0,0.0,0.0,1-VLS,car,
153812,0,0,0.0,0.0,1-VLS,dog,
153875,1,1,0.47708333333333336,0.9291666666666667,6-CU,person,
153941,0,0,0.0,0.0,1-VLS,,
154024,0,1,0.0,0.47291666666666665,1-VLS,car; person,
154115,1,1,0.55625,0.9291666666666667,7-BCU,person,
154329,0,0,0.0,0.0,1-VLS,person,
154647,0,0,0.0,0.0,1-VLS,dog,
154860,0,0,0.0,0.0,1-VLS,,
155542,0,0,0.0,0.0,1-VLS,,
156190,0,0,0.0,0.0,1-VLS,,
156482,0,0,0.0,0.0,1-VLS,person,
156887,3,1,0.075,0.26875,3-MLS,person,
157151,1,2,0.16458333333333333,0.8875,4-MS,person; potted plant,
157296,1,1,0.2375,0.8875,5-MCU,person,
157616,1,2,0.07916666666666666,0.8166666666666667,3-MLS,person; potted plant,
157934,1,3,0.10625,0.85,3-MLS,cup; person,
157988,2,2,0.10208333333333333,0.6020833333333333,3-MLS,person,
158027,0,0,0.0,0.0,1-VLS,chair; person,
158317,3,3,0.14791666666666667,0.89375,3-MLS,person,
158638,1,3,0.30833333333333335,0.8895833333333333,6-CU,chair; person; tie,
158727,1,3,0.30833333333333335,0.8895833333333333,6-CU,person,
158800,2,3,0.3,0.86875,5-MCU,person; tie,
158860,1,2,0.325,0.8875,6-CU,person,
158910,3,2,0.3375,0.9,6-CU,person,
158957,4,4,0.30416666666666664,0.925,6-CU,laptop; person; tie,
159003,1,2,0.35,0.89375,6-CU,person,
159066,3,4,0.3,0.9208333333333333,5-MCU,laptop; person; tie,
159218,2,2,0.33541666666666664,0.8854166666666666,6-CU,person,
159425,0,0,0.0,0.0,1-VLS,,
160078,3,2,0.25416666666666665,0.8625,5-MCU,chair; person; tie,
160651,2,1,0.23333333333333334,0.18958333333333333,5-MCU,person,
160692,1,3,0.09166666666666666,0.6604166666666667,3-MLS,person,
161300,5,2,0.15625,0.9333333333333333,4-MS,book; chair; person; tie,
161969,1,1,0.19583333333333333,0.8979166666666667,4-MS,book; person; tie,
162089,3,2,0.13333333333333333,0.9270833333333334,3-MLS,book; couch; person; tie,
162304,2,0,0.18333333333333332,0.0,4-MS,book; person; tie,
162524,2,1,0.13958333333333334,0.7958333333333333,3-MLS,book; person; tie,
162739,1,0,0.17916666666666667,0.0,4-MS,book; person; tie,
162966,2,2,0.1125,0.7645833333333333,3-MLS,book; person; tie,
163115,1,0,0.15833333333333333,0.0,4-MS,book; person; tie,
163314,0,0,0.0,0.0,1-VLS,,
163614,1,1,0.12916666666666668,0.8666666666666667,3-MLS,person; potted plant; spoon,
164304,3,4,0.20208333333333334,0.85625,5-MCU,cup; dining table; person; tie,
165104,2,2,0.375,0.94375,6-CU,person,
165460,2,2,0.3229166666666667,0.925,6-CU,person; tie,
166199,1,1,0.10208333333333333,0.9791666666666666,3-MLS,person,
167018,1,1,0.48125,0.9479166666666666,6-CU,person,
167285,2,1,0.26458333333333334,0.9458333333333333,5-MCU,person,
167525,1,1,0.47708333333333336,0.95625,6-CU,person,
167793,1,0,0.052083333333333336,0.0,3-MLS,person,
168028,0,1,0.0,0.6541666666666667,1-VLS,chair; person,
168179,1,0,0.058333333333333334,0.0,3-MLS,,
168400,0,1,0.0,0.6145833333333334,1-VLS,chair; person,
168582,0,0,0.0,0.0,1-VLS,tv,
168652,1,0,0.04791666666666667,0.0,2-LS,chair; person,
168704,0,0,0.0,0.0,1-VLS,clock; person,
168754,0,0,0.0,0.0,1-VLS,chair,
168813,0,0,0.0,0.0,1-VLS,,
168894,0,0,0.0,0.0,1-VLS,bottle; chair,
168957,2,2,0.525,0.9958333333333333,7-BCU,person,
169017,2,2,0.36041666666666666,0.9541666666666667,6-CU,person; tie; toothbrush,
169503,2,3,0.3416666666666667,0.9791666666666666,6-CU,person; tie,
169971,1,1,0.48541666666666666,0.93125,6-CU,person; tie,
170039,1,1,0.5270833333333333,0.9604166666666667,7-BCU,person,
170126,3,3,0.2875,0.84375,5-MCU,person; tie,
170414,3,4,0.11041666666666666,0.36875,3-MLS,clock; person; tie,
170725,1,1,0.23541666666666666,0.8458333333333333,5-MCU,person,
170829,2,1,0.39375,0.9895833333333334,6-CU,person,
170914,1,2,0.11875,0.4166666666666667,3-MLS,person; suitcase; tie,
170985,1,1,0.4354166666666667,0.9125,6-CU,person; tie,
171065,1,1,0.38333333333333336,0.98125,6-CU,person,
171144,1,1,0.3625,0.9375,6-CU,person; tie,
171199,1,3,0.041666666666666664,0.50625,2-LS,person,
171266,1,1,0.4041666666666667,0.8979166666666667,6-CU,person; tie,
172048,1,1,0.5083333333333333,0.9625,7-BCU,person,
173038,2,1,0.19583333333333333,0.74375,4-MS,person,
173367,2,1,0.06666666666666667,0.21666666666666667,3-MLS,person,
173522,1,1,0.16875,0.9395833333333333,4-MS,person,
173641,2,2,0.3416666666666667,0.9166666666666666,6-CU,person; tie,
173765,1,1,0.4583333333333333,0.9354166666666667,6-CU,person; tie,
173886,1,0,0.2708333333333333,0.0,5-MCU,,
173954,1,0,0.16666666666666666,0.0,4-MS,,
173994,0,0,0.0,0.0,1-VLS,,
174058,0,0,0.0,0.0,1-VLS,,
174122,1,1,0.5645833333333333,0.9708333333333333,7-BCU,person; tie,
174369,1,0,0.05625,0.0,3-MLS,chair; person,
174620,1,1,0.38125,0.7875,6-CU,person,
174692,4,3,0.22708333333333333,0.8875,5-MCU,person; tie,
174794,2,2,0.5145833333333333,0.9770833333333333,7-BCU,person; potted plant; tie,
175062,1,1,0.23541666666666666,0.7375,5-MCU,person; tie,
175357,1,1,0.7375,0.9958333333333333,1-VLS,person; potted plant,
175486,2,1,0.525,0.93125,7-BCU,book; person,
175603,1,1,0.7166666666666667,0.9895833333333334,1-VLS,person; potted plant,
175709,2,1,0.5104166666666666,0.925,7-BCU,book; person; tie,
175891,1,1,0.2833333333333333,0.5916666666666667,5-MCU,person; tv,
176151,3,3,0.23125,0.8875,5-MCU,book; person; tie,
176394,1,1,0.23958333333333334,0.5604166666666667,5-MCU,person; tie; tv,
176583,2,2,0.5291666666666667,0.9791666666666666,7-BCU,person; potted plant; tie,
176715,2,1,0.5395833333333333,0.9375,7-BCU,person,
177220,0,0,0.0,0.0,1-VLS,car; truck,
178399,1,3,0.15208333333333332,0.9166666666666666,4-MS,person,
179199,0,2,0.0,0.40208333333333335,1-VLS,clock; person,
179384,0,0,0.0,0.0,1-VLS,,
179578,1,0,0.23333333333333334,0.0,5-MCU,person,
179654,4,3,0.18958333333333333,0.8458333333333333,4-MS,bowl; person; tie,
179815,5,5,0.21041666666666667,0.7854166666666667,5-MCU,bowl; person,
179994,1,1,0.5041666666666667,0.9416666666666667,7-BCU,person; tie,
180048,5,3,0.28125,0.9625,5-MCU,book; bowl; chair; person; tie,
180096,0,0,0.0,0.0,1-VLS,car,
180156,1,1,0.45,0.9083333333333333,6-CU,person; tie,
180332,3,4,0.26666666666666666,0.9479166666666666,5-MCU,book; bowl; chair; person; tie,
180550,0,0,0.0,0.0,1-VLS,vase,
180759,1,1,0.04791666666666667,0.70625,2-LS,bed; person,
181050,0,0,0.0,0.0,1-VLS,person,
181284,0,0,0.0,0.0,1-VLS,,
181393,0,0,0.0,0.0,1-VLS,truck,
181445,0,1,0.0,0.7458333333333333,1-VLS,person,
181506,0,0,0.0,0.0,1-VLS,car,
181700,0,0,0.0,0.0,1-VLS,car,
181902,0,0,0.0,0.0,1-VLS,,
181993,0,0,0.0,0.0,1-VLS,,
182374,0,0,0.0,0.0,1-VLS,car,
182815,0,0,0.0,0.0,1-VLS,,
183116,0,1,0.0,0.5,1-VLS,person,
183393,0,0,0.0,0.0,1-VLS,person,
183609,1,1,0.4375,0.8979166666666667,6-CU,person,
183807,0,1,0.0,0.9208333333333333,1-VLS,person,
183994,1,1,0.43333333333333335,0.8916666666666667,6-CU,person,
184164,0,1,0.0,0.9458333333333333,1-VLS,person,
184316,1,1,0.44375,0.86875,6-CU,person,
184457,0,1,0.0,0.95625,1-VLS,person,
184530,1,1,0.42916666666666664,0.89375,6-CU,person,
184761,0,1,0.0,0.9333333333333333,1-VLS,person,
185028,1,1,0.42083333333333334,0.875,6-CU,person,
185329,0,1,0.0,0.9458333333333333,1-VLS,person,
185619,1,1,0.45,0.88125,6-CU,person,
185821,0,1,0.0,0.90625,1-VLS,person,
186096,1,1,0.43125,0.8875,6-CU,person,
186270,0,1,0.0,0.925,1-VLS,person,
186495,0,2,0.0,0.7520833333333333,1-VLS,person,
186713,1,1,0.33958333333333335,0.9333333333333333,6-CU,person,
186866,0,1,0.0,0.9145833333333333,1-VLS,person,
187009,1,1,0.34375,0.9145833333333333,6-CU,person,
187103,2,2,0.28958333333333336,0.9916666666666667,5-MCU,person,
187336,0,0,0.0,0.0,1-VLS,airplane,
187615,2,1,0.2833333333333333,0.8208333333333333,5-MCU,person,
188001,0,0,0.0,0.0,1-VLS,,
188338,2,2,0.28125,0.8979166666666667,5-MCU,person,
188742,0,0,0.0,0.0,1-VLS,,
189129,1,1,0.23958333333333334,0.8875,5-MCU,horse; person; tie,
189209,1,1,0.5208333333333334,0.9,7-BCU,person,
189327,2,0,0.6333333333333333,0.0,7-BCU,person,
189442,1,1,0.47291666666666665,0.9125,6-CU,person,
189650,0,2,0.0,0.9,1-VLS,person,
189994,1,1,0.31666666666666665,0.9104166666666667,6-CU,dog; person,
190214,2,1,0.5333333333333333,0.9270833333333334,7-BCU,person,
190551,1,1,0.46875,0.9104166666666667,6-CU,person,
190881,2,1,0.5145833333333333,0.95,7-BCU,person; tie,
190990,1,1,0.44375,0.9145833333333333,6-CU,person,
191230,0,0,0.0,0.0,1-VLS,,
193233,2,2,0.19375,0.21458333333333332,4-MS,chair; person; tv,
196985,0,0,0.0,0.0,1-VLS,,
